scale,S,B,is_validation,status,latency,memory,energy,energy_status,latency_p25,latency_p75,memory_predicted,free_bytes_before_input,reserved_peak_bytes,energy_per_repeat_j,energy_passes,energy_durations_s,error
0.3125,160,10,True,OK,0.0005844709994562436,30965760,0.18750903119868637,OK,0.000583140999879106,0.0005858109998371219,30820016,24982716416,46137344,"[0.18044444444444444, 0.18750903119868637, 0.18854451119606772]","[1809, 1827, 1831]","[1.000060359001509, 1.000376578000214, 1.0002567049996287]",
0.4375,224,14,True,OK,0.0011643420002656057,61038592,0.4273461538461538,OK,0.0011627820003923262,0.001176461999421008,77266160,24982716416,71303168,"[0.41587639060568604, 0.4287799752781211, 0.4273461538461538]","[809, 809, 806]","[1.0001705409995338, 1.00115604200073, 1.0006315390000964]",
0.5625,288,18,True,OK,0.002321074000064982,115359744,0.8016301369863014,OK,0.0021014440008002566,0.0023339750005106907,159494960,24982716416,134217728,"[0.8016301369863014, 0.866824200913242, 0.7890707762557078]","[438, 438, 438]","[1.000997275001282, 1.0022760660012864, 1.0018723830016825]",
0.6875,352,22,True,OK,0.003992578000179492,200163328,1.3772788844621513,OK,0.003983967999374727,0.004017948000182514,287730032,24982716416,211812352,"[1.3772788844621513, 1.370832, 1.38148]","[251, 250, 250]","[1.0032845400000951, 1.0022343979999278, 1.0015389649997815]",
0.8125,416,26,True,OK,0.006415961999664432,319897600,2.226621794871795,OK,0.006408891998944455,0.006455962000472937,472194992,24982716416,333447168,"[2.226621794871795, 2.238557692307692, 2.2146346153846155]","[156, 156, 156]","[1.0051600040005724, 1.0055108750002546, 1.0063050049993763]",
0.9375,480,30,True,OK,0.00945974699970975,484196352,3.2138584905660377,OK,0.009456737001528381,0.009463417000006302,723113456,24982716416,497025024,"[3.2695188679245284, 3.212, 3.2138584905660377]","[106, 106, 106]","[1.0079545509997843, 1.0084011800008739, 1.0084720279992325]",
1.0625,544,34,True,OK,0.013581893999798922,699252736,4.7061232876712324,OK,0.013577994001025218,0.01358458399954543,1050709040,24982716416,710934528,"[4.7061232876712324, 5.157094594594595, 4.667108108108108]","[73, 74, 74]","[1.0037147820003156, 1.0115000850000797, 1.0126718659994367]",
1.1875,608,38,True,OK,0.0187885119994462,968761344,6.514415094339623,OK,0.018775303000438726,0.018838642999980948,1465205360,24982716416,983564288,"[6.514415094339623, 6.474981132075472, 6.522018867924528]","[53, 53, 53]","[1.0005198339986237, 1.0016475259999424, 1.001489615000537]",
1.3125,672,42,True,OK,0.025401783001143485,1304018944,8.6284,OK,0.025384911999935866,0.025453461999859428,1976826032,24982716416,1317011456,"[8.58515, 8.6284, 9.4054]","[40, 40, 40]","[1.025323441999717, 1.0242264900007285, 1.0234612870008277]",
1.4375,736,46,True,OK,0.0333554640001239,1707982848,11.504633333333333,OK,0.03333394400033285,0.03373474399995757,2595794672,24982716416,1723858944,"[11.4528, 11.514766666666667, 11.504633333333333]","[30, 30, 30]","[1.009450370000195, 1.0097588500011625, 1.0100403289998212]",
1.5625,800,50,True,OK,0.042865725999945425,2188681216,14.424666666666667,OK,0.04282663699996192,0.04306803699910233,3332334896,24982716416,2206203904,"[14.28075, 15.742875, 14.424666666666667]","[24, 24, 24]","[1.0354083419988456, 1.0344730189990514, 1.0362748900006409]",
1.6875,864,54,True,OK,0.05437109100057569,2755952640,18.13563157894737,OK,0.05404293100036739,0.05458546200134151,4196670320,24982716416,2768240640,"[18.13563157894737, 19.955368421052633, 18.086473684210528]","[19, 19, 19]","[1.0357192579995171, 1.0349088550010492, 1.0357823850008572]",
1.8125,928,58,True,OK,0.06745816599868704,3410558976,23.062933333333334,OK,0.06704609600092226,0.06799516699902597,5199024560,24982716416,3426746368,"[23.051, 25.379733333333334, 23.062933333333334]","[15, 15, 15]","[1.0116820859984728, 1.0121485159997974, 1.0111469240000588]",
1.9375,992,62,True,OK,0.08210752200102434,4162101248,28.862923076923078,OK,0.0820059220004623,0.08250718400086043,6349621232,24982716416,4177526784,"[29.333, 28.778615384615385, 28.862923076923078]","[13, 13, 13]","[1.070177985000555, 1.070096804000059, 1.070176512001126]",
2.125,1088,68,True,OK,0.10855126900059986,5487165440,38.0303,OK,0.1082519110004796,0.10921900199900847,8375834960,24982716416,5505024000,"[38.0433, 38.0303, 37.4487]","[10, 10, 10]","[1.0873014829994645, 1.0882546640004875, 1.088643712000703]",
2.375,1216,76,True,OK,0.1524438119995466,7655555072,54.19014285714286,OK,0.15202255400072318,0.15290434599955915,11691722192,24982716416,7671382016,"[54.51985714285714, 48.330285714285715, 54.19014285714286]","[7, 7, 7]","[1.065370038000765, 1.064921785999104, 1.0660261969987914]",
