S,B,is_validation,latency,memory,energy,flops,bytes_moved,latency_predicted,memory_predicted,energy_predicted,model_branch
352,8,True,0.0015047500000946457,80412672.0,0.5214916286149163,17561193248.0,365038480.0,0.001541784207711834,107277200.0,0.4894745051436865,memory
352,29,True,0.005036436001319089,258916352.0,1.7487373737373737,63659325524.0,1312341088.0,0.005542831442344836,377956448.0,1.7596980587595237,memory
80,128,True,0.0012240750002092682,69435392.0,0.45118610747051113,14551462400.0,303449872.0,0.0012816572666031743,89802512.0,0.40689128426437404,memory
272,56,True,0.005846553998708259,296255488.0,2.022994152046784,73408511456.0,1512732304.0,0.006389208000216135,435238544.0,2.0283995701364654,memory
384,16,False,0.003521213999192696,174161920.0,1.1762534246575342,41797588544.0,863082512.0,0.0036453334644442406,249583632.0,1.1572941172102456,memory
512,256,False,0.08802069500052312,4576083968.0,31.475916666666667,1188846724096.0,24433987344.0,0.10319990324967938,6984371984.0,32.76315928088321,memory
32,16,False,0.00029661400003533345,19374080.0,0.05878950420411713,295245376.0,10262544.0,0.00034090526883938024,5920784.0,0.10822814044364548,launch
32,4,False,0.00028089300030842423,18046976.0,0.05119971949509117,73811344.0,5686608.0,0.00034090526883938024,4601168.0,0.10822814044364548,launch
512,1,False,0.0004907959992124233,30507008.0,0.18124358302776322,4643932516.0,99590304.0,0.0004206317042203899,31427744.0,0.13353911282862374,memory
64,64,False,0.0005301960009091999,30507008.0,0.19310740122426265,4663695616.0,100131600.0,0.0004229179333995646,31646480.0,0.13426492834192594,memory
80,2,True,0.00020842300000367686,13551616.0,0.04198415015641293,227366600.0,8837680.0,0.00034090526883938024,5499440.0,0.10822814044364548,launch
352,56,True,0.009827066000070772,485523456.0,3.4377029702970296,122928352736.0,2530301584.0,0.010687035029730124,725972624.0,3.3928426276941717,memory
80,1,True,0.0002116329997079447,13116416.0,0.037071547075902114,113683300.0,6499488.0,0.00034090526883938024,4830368.0,0.10822814044364548,launch
400,179,True,0.03838995099977183,1961490432.0,13.080192307692307,507385112300.0,10430659264.0,0.044055152019201765,2983342784.0,13.986311200859728,memory
32,1,False,0.00027234299886913504,17715200.0,0.04565372589890568,18452836.0,4542624.0,0.00034090526883938024,4271264.0,0.10822814044364548,launch
80,16,True,0.00038905399924260564,19644416.0,0.125675791943684,1818932800.0,41572368.0,0.00034090526883938024,14866448.0,0.10822814044364548,launch
256,32,False,0.0032121259991981788,155287552.0,1.076858934169279,37158988928.0,767799568.0,0.00324289441658416,222376208.0,1.029530677413341,memory
272,1,True,0.0003851550009130733,17712128.0,0.10973244781783681,1310866276.0,31100064.0,0.00034090526883938024,11859104.0,0.10822814044364548,launch
128,2,False,0.00029503399855457246,14909440.0,0.07117084685748008,581079752.0,16106032.0,0.00034090526883938024,7576112.0,0.10822814044364548,launch
224,16,False,0.001226024000061443,67272704.0,0.454173455978975,14226101824.0,296523792.0,0.0012524041293302248,87709712.0,0.39760420970558896,memory
272,32,True,0.003642739000497386,174620672.0,1.245467391304348,41947720832.0,866201872.0,0.0036585084589986997,250491152.0,1.161476819243097,memory
64,2,False,0.00031768400003784336,31588352.0,0.06584126487163432,145740488.0,7160368.0,0.00034090526883938024,5020208.0,0.10822814044364548,launch
352,128,True,0.02121655299924896,1092714496.0,7.347744680851064,280979091968.0,5778196240.0,0.024404911262757557,1654015760.0,7.747894811519899,memory
32,8,False,0.00030078400050115306,18489344.0,0.05691088534107402,147622688.0,7211920.0,0.00034090526883938024,5041040.0,0.10822814044364548,launch
512,2,False,0.0008793090000835946,48332800.0,0.3192067352666043,9287865032.0,195019312.0,0.0008236876710653271,58694192.0,0.2614984076053084,memory
224,64,False,0.004601437000019359,232095744.0,1.5883256880733945,56904407296.0,1173611280.0,0.004956889305194541,338354960.0,1.5736773846665386,memory
400,2,True,0.0006806670007790672,34441216.0,0.24719756621331423,5669107400.0,120658480.0,0.0005096156958316125,37448240.0,0.1617891072453222,memory
128,179,True,0.004250721998687368,213090304.0,1.4418583333333332,52006637804.0,1073215168.0,0.004532854173344145,309787328.0,1.4390577762363532,memory
512,32,False,0.011355882001225837,583106560.0,3.9314886363636363,148605840512.0,3057889552.0,0.012915366676413444,876687632.0,4.100277250905847,memory
272,8,True,0.0009132079994742526,52928512.0,0.340540059347181,10486930208.0,219671440.0,0.0009278089177812644,65743760.0,0.2945540683497286,memory
272,2,True,0.0003969930003222544,23306240.0,0.13884928716904277,2621732552.0,58038832.0,0.00034090526883938024,19556912.0,0.10822814044364548,launch
256,179,True,0.015903363999314024,811958272.0,5.440936507936508,207858094316.0,4275762880.0,0.01805920209919916,1224800960.0,5.733304937604781,memory
64,1,False,0.00031139299971982837,31440896.0,0.06285231425091352,72870244.0,5660832.0,0.00034090526883938024,4590752.0,0.10822814044364548,launch
256,29,True,0.0028308569999353494,143228928.0,0.950564738292011,33675333716.0,696208480.0,0.0029405207904083437,201918560.0,0.9335352843482095,memory
400,56,True,0.01224388400078169,622551040.0,4.273395061728395,158735007200.0,3266082448.0,0.01379469457414793,936195728.0,4.3794399154666666,memory
512,64,False,0.022489406999739003,1153531904.0,7.710244444444444,297211681024.0,6111617808.0,0.025813157615451436,1749213968.0,8.194974683759757,memory
272,128,True,0.012996808998650522,657686528.0,4.495272727272727,167790883328.0,3452323600.0,0.01458130662386844,989480720.0,4.629167822816571,memory
400,32,True,0.007494968000173685,361824256.0,2.6003533834586467,90705718400.0,1868116240.0,0.007890215072674012,536752400.0,2.504928445146069,memory
64,32,False,0.0004166939997958252,21987328.0,0.14162282157676348,2331847808.0,52146448.0,0.00034090526883938024,17903888.0,0.10822814044364548,launch
400,1,True,0.0004036530008306727,23561216.0,0.1444074074074074,2834553700.0,62409888.0,0.00034090526883938024,20804768.0,0.10822814044364548,launch
384,29,True,0.006136583000625251,304250880.0,2.1189693251533743,75758129236.0,1560956000.0,0.006592886617687631,448989280.0,2.09306198527637,memory
224,8,False,0.0007302670001081424,40206336.0,0.2655924207269915,7113050912.0,150342544.0,0.0006349899333528388,45935504.0,0.20159201387876402,memory
128,4,False,0.00039489300070272293,27295744.0,0.1360596837944664,1162159504.0,28050768.0,0.00034090526883938024,10990928.0,0.10822814044364548,launch
32,64,False,0.0003420829998503905,17137664.0,0.1127438524590164,1180981504.0,28566288.0,0.00034090526883938024,11199248.0,0.10822814044364548,launch
352,16,True,0.002886094000132289,147488768.0,0.9807834757834758,35122386496.0,725915664.0,0.0030659926780482157,210393104.0,0.973369192235434,memory
80,8,True,0.0003307629995106254,35495936.0,0.0974103146286085,909466400.0,22866832.0,0.00034090526883938024,9513872.0,0.10822814044364548,launch
384,4,False,0.0009567580000293674,52789248.0,0.34587664307381194,10449397136.0,218891600.0,0.0009245151691426496,65516880.0,0.2935083928415157,memory
384,56,True,0.011377953000192065,575242240.0,3.91975,146291559904.0,3010385552.0,0.01271472778211621,863139472.0,4.036579865106012,memory
224,4,False,0.0004767840000567958,27361280.0,0.17027940446650125,3556525456.0,77251920.0,0.00034090526883938024,25048400.0,0.10822814044364548,launch
64,128,False,0.000894886999958544,48332800.0,0.3296756238003839,9327391232.0,196101904.0,0.0008282601294236766,59131664.0,0.2629500386319128,memory
352,4,True,0.0008179159995052032,46383104.0,0.30401232394366196,8780596624.0,184599888.0,0.0007796799725436434,55719248.0,0.24752716159781282,memory
256,64,False,0.006014257000060752,297893888.0,2.0723072289156628,74317977856.0,1531437840.0,0.006468213095792867,440591120.0,2.0534815367747425,memory
272,179,True,0.01823395900100877,914690048.0,6.284563636363637,234645063404.0,4826200768.0,0.02038404314895549,1382068928.0,6.47137866846498,memory
224,256,False,0.017700973001410603,887193600.0,6.070912280701754,227617629184.0,4681961232.0,0.01977483000865181,1340935952.0,6.277970084510337,memory
128,128,False,0.003334895000079996,155287552.0,1.1224607843137255,37189104128.0,768624400.0,0.0032463781943809977,222709520.0,1.0306366820050397,memory
256,256,False,0.02273415799936629,1153531904.0,7.869227272727272,297271911424.0,6113267472.0,0.02582012517104511,1749880592.0,8.197186692943154,memory
384,64,False,0.013012395000259858,654409728.0,4.473519480519481,167190354176.0,3439846160.0,0.014528606645650604,985850640.0,4.612437014685165,memory
400,64,True,0.014130632000160404,709853184.0,4.8460422535211265,181411436800.0,3732071184.0,0.01576285440797257,1069343504.0,5.004277072240198,memory
32,56,True,0.0003397230011614738,16580608.0,0.1045118768819003,1033358816.0,25515664.0,0.00034090526883938024,10319504.0,0.10822814044364548,launch
384,1,False,0.0003938230001949705,23298048.0,0.13920363636363636,2612349284.0,57843872.0,0.00034090526883938024,19500192.0,0.10822814044364548,launch
32,29,True,0.00030482200054393616,20811776.0,0.07655437424058323,535132244.0,15219808.0,0.00034090526883938024,7350368.0,0.10822814044364548,launch
80,4,True,0.00031242200020642485,32747520.0,0.0823734335839599,454733200.0,13514064.0,0.00034090526883938024,6837584.0,0.10822814044364548,launch
512,128,False,0.04551773899947875,2294382592.0,15.703863636363636,594423362048.0,12219074320.0,0.05160873949352742,3494266640.0,16.384369549467575,memory
352,179,True,0.030414544000450405,1521860608.0,10.491757575757577,392931698924.0,8078788288.0,0.03412174026115199,2311379648.0,10.832723441729788,memory
400,256,True,0.056006798999078455,2799009792.0,19.116611111111112,725645747200.0,14915800848.0,0.06299869041976393,4264890128.0,20.00036883480498,memory
512,56,True,0.01990617900082725,1010925568.0,6.90944,260060220896.0,5348185744.0,0.022588709880691938,1531082384.0,7.171300325546279,memory
32,179,True,0.0005026730013923952,25337856.0,0.17592014242115972,3303057644.0,72419008.0,0.00034090526883938024,23845568.0,0.10822814044364548,launch
400,128,True,0.027937806000409182,1406369792.0,9.518444444444444,362822873600.0,7459981072.0,0.031508133078569686,2134525712.0,10.002974326428458,memory
80,29,True,0.0004926230012642918,25393152.0,0.1729043565348022,3296815700.0,71968864.0,0.00034090526883938024,23564384.0,0.10822814044364548,launch
256,8,False,0.0008764159993006615,48332800.0,0.3242713615023474,9289747232.0,195070864.0,0.0008239054071776295,58715024.0,0.26156753289228957,memory
224,56,True,0.004325866000726819,204603392.0,1.4890387931034483,49791356384.0,1027430032.0,0.004339475109217156,296580752.0,1.3776651888397138,memory
352,32,True,0.005632993999824976,284000256.0,1.9484802259887006,70244772992.0,1447670032.0,0.0061144096187209784,416624912.0,1.9411585664189288,memory
128,32,False,0.0008986949997051852,48332800.0,0.33204918032786884,9297276032.0,195277072.0,0.0008247763516268389,58798352.0,0.2618440340402142,memory
64,29,True,0.0004104020008526277,20758528.0,0.13939135752140236,2113237076.0,47647840.0,0.00034090526883938024,16615520.0,0.10822814044364548,launch
128,8,False,0.0003940520000469405,21987328.0,0.13812399678972712,2324319008.0,51940240.0,0.00034090526883938024,17820560.0,0.10822814044364548,launch
512,16,False,0.005928402999415994,297893888.0,2.048360946745562,74302920256.0,1531025424.0,0.006466471206894448,440424464.0,2.0529285344788937,memory
224,29,True,0.002387053000347805,112570368.0,0.8268285714285715,25784809556.0,534068320.0,0.0022557021977934774,155592800.0,0.7161240279241795,memory
272,16,True,0.0019025110013899393,93175808.0,0.6378059149722736,20973860416.0,435181584.0,0.0018380420981870761,127326224.0,0.5835283186475181,memory
352,256,True,0.04351536800095346,2170650624.0,15.049478260869565,561958183936.0,11552231184.0,0.04879224678813966,3303870224.0,15.490209804987858,memory
128,16,False,0.0005380530001275474,30507008.0,0.19630791121229368,4648638016.0,99719184.0,0.00042117604450114576,31479824.0,0.13371192604607662,memory
272,64,True,0.006895947000884917,334659584.0,2.376248275862069,83895441664.0,1728242448.0,0.0072994411806219465,496821008.0,2.317373820434255,memory
256,128,False,0.011540751000211458,583106560.0,3.974206896551724,148635955712.0,3058714384.0,0.012918850454210281,877020944.0,4.101383255497546,memory
384,128,False,0.025746413000888424,1296138240.0,8.903846153846153,334380708352.0,6875531024.0,0.029039637553925756,1967539984.0,9.219294211318392,memory
32,2,False,0.00028553099946293514,17825792.0,0.05567008310249307,36905672.0,4923952.0,0.00034090526883938024,4381232.0,0.10822814044364548,launch
352,2,True,0.0005187520000617951,29532160.0,0.19084798231066888,4390298312.0,94380592.0,0.000398627854959548,29940272.0,0.12655348982487594,memory
352,64,True,0.010888684000747162,552960000.0,3.7856923076923077,140489545984.0,2891178768.0,0.012211243500066506,829088528.0,3.876737314785919,memory
384,179,True,0.03603541499978746,1808695296.0,12.313285714285714,467610521836.0,9613342400.0,0.040603115308957514,2749823680.0,12.890383539885493,memory
512,8,False,0.0032279049992212094,155287552.0,1.0919179810725552,37151460128.0,767593360.0,0.0032420234721349506,222292880.0,1.0292541762654164,memory
64,4,False,0.0003271709992986871,32415744.0,0.07738262835001615,291480976.0,10159440.0,0.00034090526883938024,5879120.0,0.10822814044364548,launch
352,1,True,0.0004140820001339307,21929984.0,0.14444583856127144,2195149156.0,49270944.0,0.00034090526883938024,17050784.0,0.10822814044364548,launch
272,256,True,0.02606220900088374,1301643264.0,8.832076923076922,335581766656.0,6900485904.0,0.02914503751036143,1974800144.0,9.252755827581204,memory
128,56,True,0.00144696700044733,75333632.0,0.5143883928571429,16270233056.0,338613904.0,0.0014301768123153786,99776144.0,0.45404219603142054,memory
400,16,True,0.0037815669984411215,188973056.0,1.308560606060606,45352859200.0,936138768.0,0.003953895405024732,270456848.0,1.255254131599004,memory
80,64,True,0.0007632229990122141,40599552.0,0.2749216,7275731200.0,153805584.0,0.0006496165019893135,46981904.0,0.2062355511581566,memory
256,2,False,0.00038887200025783386,21987328.0,0.13498307752853209,2322436808.0,51888688.0,0.00034090526883938024,17799728.0,0.10822814044364548,launch
224,128,False,0.009093418999327696,450985984.0,3.156119266055046,113808814592.0,2343061264.0,0.00989620287301363,672548624.0,3.1417749512811377,memory
384,2,False,0.0005488320002768887,32735232.0,0.20623205741626793,5224698568.0,111526448.0,0.00047104545325905113,34839088.0,0.1495441054467274,memory
64,256,False,0.0016853670003911247,83984384.0,0.5867606837606838,18654782464.0,388042512.0,0.0016389445214719004,114102032.0,0.5203202592118865,memory
128,1,False,0.00021621099949697964,13795328.0,0.04880237994050149,290539876.0,10133664.0,0.00034090526883938024,5868704.0,0.10822814044364548,launch
384,256,False,0.0515371959991171,2579595264.0,17.4699,668761416704.0,13746900752.0,0.05806169937047606,3930918672.0,18.433008604584845,memory
64,8,False,0.0003420120010559913,34832384.0,0.0877609126984127,582961952.0,16157584.0,0.00034090526883938024,7596944.0,0.10822814044364548,launch
224,1,False,0.0004508519996306859,85790720.0,0.15483378500451672,889131364.0,22433952.0,0.00034090526883938024,9383072.0,0.10822814044364548,launch
256,1,False,0.0003570809985831147,17137664.0,0.11524198146828225,1161218404.0,28024992.0,0.00034090526883938024,10980512.0,0.10822814044364548,launch
32,128,False,0.0004145220009377226,21987328.0,0.14620777027027027,2361963008.0,52971280.0,0.00034090526883938024,18237200.0,0.10822814044364548,launch
256,4,False,0.0005127420008648187,30507008.0,0.1899364289662797,4644873616.0,99616080.0,0.00042074057227654106,31438160.0,0.13357367547211432,memory
80,56,True,0.0007317630006582476,37052416.0,0.26313925019127776,6366264800.0,135100048.0,0.0005706114064125808,41629328.0,0.18115358451987937,memory
400,8,True,0.001975216999198892,101195776.0,0.6578742857142857,22676429600.0,470150032.0,0.001985735571200092,137309072.0,0.6304169748254715,memory
64,16,False,0.00035255100010544993,30638080.0,0.10958627858627859,1165923904.0,28153872.0,0.00034090526883938024,11032592.0,0.10822814044364548,launch
128,64,False,0.0015698150000389433,83984384.0,0.5911986301369863,18594552064.0,386392848.0,0.001631976965878225,113435408.0,0.5181082500284893,memory
384,8,False,0.0017254459999094252,92897280.0,0.6268436363636364,20898794272.0,433621904.0,0.0018314546009098466,126872464.0,0.5814369676310923,memory
512,4,False,0.0016836949998833006,83984384.0,0.5684424342105263,18575730064.0,385877328.0,0.0016297996047552016,113227088.0,0.5174169971586777,memory
256,56,True,0.005274836999888066,262242304.0,1.8086596858638744,65028230624.0,1340528272.0,0.00566188342599069,386037392.0,1.7974938219343923,memory
80,179,True,0.0016468650010210695,90582016.0,0.622216606498195,20349310700.0,422697664.0,0.0017853147509048447,123925184.0,0.5667888215833912,memory
80,32,True,0.0005067109996161889,27492352.0,0.1799472860125261,3637865600.0,78983440.0,0.00034090526883938024,25571600.0,0.10822814044364548,launch
224,179,True,0.012441839000530308,624422912.0,4.33745,159154514156.0,3274966720.0,0.013832218372369467,938859200.0,4.391352699677147,memory
272,4,True,0.0005443019999802345,32804864.0,0.20493424170616115,5243465104.0,111916368.0,0.0004726923275783585,34952528.0,0.15006694320083383,memory
80,256,True,0.0025066170001082355,125140992.0,0.8524257425742574,29102924800.0,602738448.0,0.002545738795830896,175443728.0,0.8082027504768091,memory
272,29,True,0.003304759000457125,159126528.0,1.1295934426229508,38015122004.0,785385568.0,0.0033171710163465203,227397728.0,1.0531114753814261,memory
224,32,False,0.0025047969993465813,122912768.0,0.8578585607940447,28452203648.0,588886288.0,0.002487232521284997,171258128.0,0.7896286013592388,memory
224,2,False,0.0003769810009544017,19505152.0,0.12593873004084663,1778262728.0,40706608.0,0.00034090526883938024,14604848.0,0.10822814044364548,launch
32,32,False,0.00030710100145370234,22118400.0,0.07822961832061069,590490752.0,16363792.0,0.00034090526883938024,7680272.0,0.10822814044364548,launch
384,32,False,0.006807028999901377,333545472.0,2.3516780821917806,83595177088.0,1722003728.0,0.007273091191513028,495005968.0,2.309008416368552,memory
512,179,True,0.06400173000110954,3204546560.0,21.693125,831263920364.0,17085953728.0,0.07216459380261922,4884855488.0,22.91029358307849,memory
32,256,False,0.0005855819999851519,30507008.0,0.2092861500915192,4723926016.0,101781264.0,0.0004298854889932399,32313104.0,0.13647693752532314,memory
512,29,True,0.010488705998795922,530677760.0,3.607105263157895,134674042964.0,2771602528.0,0.011706198775878633,794888288.0,3.716399366575794,memory
128,29,True,0.0007836209988454357,44990464.0,0.29234775233248517,8425656404.0,177359968.0,0.0007491012940407714,53676128.0,0.23781926379131338,memory
400,4,True,0.0009809130006033229,57270272.0,0.3701031149301826,11338214800.0,237155664.0,0.0010016556542877726,70735184.0,0.3179983964387053,memory
64,179,True,0.0011807930004579248,63389696.0,0.4454141025641026,13043773676.0,272578240.0,0.0011512671918803908,81033920.0,0.3654959858942461,memory
64,56,True,0.0005160410000826232,28278784.0,0.18621160042964555,4080733664.0,88135312.0,0.0003722501588965506,28210832.0,0.11817928955567758,memory
256,16,False,0.001694643000519136,83984384.0,0.5776291946308725,18579494464.0,385980432.0,0.0016302350769798063,113268752.0,0.51755524773264,memory
128,256,False,0.005992583000988816,297893888.0,2.0724131736526945,74378208256.0,1533087504.0,0.0064751806513865424,441257744.0,2.05569354595814,memory
400,29,True,0.006628265000472311,330190848.0,2.28258,82202057300.0,1693370464.0,0.007152155134989771,486821984.0,2.270614511355994,memory
