S,B,is_validation,status,latency,memory,energy,energy_status,latency_p25,latency_p75,memory_predicted,free_bytes_before_input,reserved_peak_bytes,energy_per_repeat_j,energy_passes,energy_durations_s,error
352,8,True,OK,0.0015047500000946457,80412672,0.5214916286149163,OK,0.0015038900000945432,0.001506438999058446,107277200,24982716416,94371840,"[0.5210287878787879, 0.5238525835866261, 0.5214916286149163]","[660, 658, 657]","[1.001138722000178, 1.000215592001041, 1.0008109810005408]",
352,29,True,OK,0.005036436001319089,258916352,1.7487373737373737,OK,0.005034525000155554,0.005072125999504351,377956448,24909316096,287309824,"[1.7497525252525252, 1.7392424242424243, 1.7487373737373737]","[198, 198, 198]","[1.002481658000761, 1.0017871820000437, 1.0023463710003853]",
80,128,True,OK,0.0012240750002092682,69435392,0.45118610747051113,OK,0.001210735001222929,0.0012250660001882352,89802512,24909316096,83886080,"[0.4561140235910878, 0.45118610747051113, 0.44602096985583223]","[763, 763, 763]","[1.0001332219999313, 1.0003949889996875, 1.0002365800010011]",
272,56,True,OK,0.005846553998708259,296255488,2.022994152046784,OK,0.005843644999913522,0.005850085000929539,435238544,24909316096,325058560,"[2.022994152046784, 2.000523529411765, 2.024970588235294]","[171, 170, 170]","[1.005652261999785, 1.0032723860003898, 1.0001908400008688]",
384,16,False,OK,0.003521213999192696,174161920,1.1762534246575342,OK,0.00347588400109089,0.003541025000231457,249583632,24909316096,201326592,"[1.1718493150684932, 1.1812252559726963, 1.1762534246575342]","[292, 293, 292]","[1.0023613639987161, 1.0030397350001294, 1.0000696420011081]",
512,256,False,OK,0.08802069500052312,4576083968,31.475916666666667,OK,0.08792249699945387,0.0883891860012227,6984371984,24909316096,4605345792,"[28.782583333333335, 31.720083333333335, 31.475916666666667]","[12, 12, 12]","[1.0582600819998333, 1.0582835919994977, 1.0589041899984295]",
32,16,False,OK,0.00029661400003533345,19374080,0.05878950420411713,OK,0.0002963440001622075,0.0002985739993164316,5920784,24909316096,41943040,"[0.05946153846153846, 0.05878950420411713, 0.05849202667439837]","[3445, 3449, 3449]","[1.0000762559993746, 1.0000615600001765, 1.0001827950000006]",
32,4,False,OK,0.00028089300030842423,18046976,0.05119971949509117,OK,0.000280083999314229,0.0002811030008160742,4601168,24909316096,39845888,"[0.05012798203760876, 0.05155932678821879, 0.05119971949509117]","[3563, 3565, 3565]","[1.0000851650002005, 1.0001793720002752, 1.0001146949998656]",
512,1,False,OK,0.0004907959992124233,30507008,0.18124358302776322,OK,0.0004893660006928258,0.0004917260012007318,31427744,24909316096,41943040,"[0.18316283924843424, 0.18124358302776322, 0.1803504721930745]","[1916, 1909, 1906]","[1.0001690669996606, 1.0002686820007511, 1.000465000000986]",
64,64,False,OK,0.0005301960009091999,30507008,0.19310740122426265,OK,0.0005290859990054742,0.0005330160001904005,31646480,24909316096,41943040,"[0.20053088480801334, 0.19310740122426265, 0.19198106904231627]","[1797, 1797, 1796]","[1.0003083510000579, 1.0002419640004518, 1.0002981289999298]",
80,2,True,OK,0.00020842300000367686,13551616,0.04198415015641293,OK,0.00020802200015168637,0.0002087419998133555,5499440,24909316096,41943040,"[0.040501460158531497, 0.04230907194994786, 0.04198415015641293]","[4794, 4795, 4795]","[1.0000186590004887, 1.000164795001183, 1.0000743889995647]",
352,56,True,OK,0.009827066000070772,485523456,3.4377029702970296,OK,0.009826145000261022,0.00983093500144605,725972624,24909316096,513802240,"[3.4377029702970296, 3.7531584158415843, 3.424158415841584]","[101, 101, 101]","[1.0053269330001058, 1.0060791169998993, 1.0094552320006187]",
80,1,True,OK,0.0002116329997079447,13116416,0.037071547075902114,OK,0.00020973299979232252,0.00021204200129432138,4830368,24909316096,41943040,"[0.0374649377593361, 0.037071547075902114, 0.036947577276524646]","[4820, 4822, 4788]","[1.000013893999494, 1.0001387100001011, 1.0001197460005642]",
400,179,True,OK,0.03838995099977183,1961490432,13.080192307692307,OK,0.038031678001061664,0.03866925500005891,2983342784,24909316096,1994391552,"[12.788, 13.270423076923077, 13.080192307692307]","[27, 26, 26]","[1.0376992279998376, 1.0011971549993177, 1.0004640229999495]",
32,1,False,OK,0.00027234299886913504,17715200,0.04565372589890568,OK,0.0002719530002650572,0.0002730429987423122,4271264,24909316096,39845888,"[0.045645893089960886, 0.045936148032316916, 0.04565372589890568]","[3835, 3837, 3838]","[1.0001542509999126, 1.0001011969998217, 1.0001773640015017]",
80,16,True,OK,0.00038905399924260564,19644416,0.125675791943684,OK,0.00038763399970775936,0.00039057399953890126,14866448,24909316096,41943040,"[0.12046557759626604, 0.12594450957405237, 0.125675791943684]","[2571, 2559, 2557]","[1.000265947999651, 1.000374945000658, 1.000239770999542]",
256,32,False,OK,0.0032121259991981788,155287552,1.076858934169279,OK,0.0031677450006100116,0.0032255060013994807,222376208,24909316096,165675008,"[1.0740564263322885, 1.084485893416928, 1.076858934169279]","[319, 319, 319]","[1.0012900519996037, 1.0012108979990444, 1.0018032710013358]",
272,1,True,OK,0.0003851550009130733,17712128,0.10973244781783681,OK,0.00038421399949584156,0.000387684000088484,11859104,24909316096,41943040,"[0.10701291302696544, 0.1102426889479681, 0.10973244781783681]","[2633, 2633, 2635]","[1.0002309079991392, 1.000171503999809, 1.0000202390001505]",
128,2,False,OK,0.00029503399855457246,14909440,0.07117084685748008,OK,0.00029491399982362054,0.0002955130003101658,7576112,24909316096,41943040,"[0.07106645008860012, 0.07117084685748008, 0.07231904198698995]","[3386, 3389, 3382]","[1.0001286340011575, 1.000234791999901, 1.0001105680003093]",
224,16,False,OK,0.001226024000061443,67272704,0.454173455978975,OK,0.0012220940006955061,0.0012315630010562018,87709712,24909316096,81788928,"[0.45707236842105264, 0.45077398160315374, 0.454173455978975]","[760, 761, 761]","[1.000395913999455, 1.0010033379985543, 1.0012826479996875]",
272,32,True,OK,0.003642739000497386,174620672,1.245467391304348,OK,0.003641328999947291,0.0036681399997178232,250491152,24909316096,207618048,"[1.2417934782608695, 1.2533115942028985, 1.245467391304348]","[276, 276, 276]","[1.0025528930000291, 1.0012956259997736, 1.0020891709991702]",
64,2,False,OK,0.00031768400003784336,31588352,0.06584126487163432,OK,0.0003172629985783715,0.0003184140005032532,5020208,24909316096,41943040,"[0.06504673776662484, 0.06635993740219093, 0.06584126487163432]","[3188, 3195, 3194]","[1.0001214850017277, 1.0001702629997453, 1.00012426000103]",
352,128,True,OK,0.02121655299924896,1092714496,7.347744680851064,OK,0.02115991300161113,0.02129827499993553,1654015760,24909316096,1121976320,"[7.347744680851064, 7.354787234042553, 7.235574468085106]","[47, 47, 47]","[1.0076368330010155, 1.0078482820008503, 1.0075457460006874]",
32,8,False,OK,0.00030078400050115306,18489344,0.05691088534107402,OK,0.00029760299912595656,0.0003037729984498583,5041040,24909316096,41943040,"[0.05622270489429482, 0.05691088534107402, 0.0574143022582513]","[3453, 3445, 3454]","[1.000011361998986, 1.0000458909998997, 1.0000587189988437]",
512,2,False,OK,0.0008793090000835946,48332800,0.3192067352666043,OK,0.0008785190002527088,0.0008838190005917568,58694192,24909316096,60817408,"[0.3192067352666043, 0.31904494382022475, 0.3234108818011257]","[1069, 1068, 1066]","[1.0006741909983248, 1.000532056999873, 1.0004696449996118]",
224,64,False,OK,0.004601437000019359,232095744,1.5883256880733945,OK,0.004597466999257449,0.004667637000238756,338354960,24909316096,262144000,"[1.584716894977169, 1.7360091743119266, 1.5883256880733945]","[219, 218, 218]","[1.004410146999362, 1.000211231999856, 1.0006720350011165]",
400,2,True,OK,0.0006806670007790672,34441216,0.24719756621331423,OK,0.0006798670001444407,0.0006816069999331376,37448240,24909316096,39845888,"[0.24838010021474588, 0.24616177523264138, 0.24719756621331423]","[1397, 1397, 1397]","[1.0001153550001618, 1.0006848180000816, 1.0002621519997774]",
128,179,True,OK,0.004250721998687368,213090304,1.4418583333333332,OK,0.004217401999994763,0.0042809130009118235,309787328,24909316096,245366784,"[1.4468786610878661, 1.4333791666666666, 1.4418583333333332]","[239, 240, 240]","[1.0008200109987229, 1.003594546999011, 1.0039603789991816]",
512,32,False,OK,0.011355882001225837,583106560,3.9314886363636363,OK,0.011353993000739138,0.011356711998814717,876687632,24909316096,610271232,"[4.312011363636364, 3.9314886363636363, 3.864125]","[88, 88, 88]","[1.0069801839999855, 1.0071831839995866, 1.005773359000159]",
272,8,True,OK,0.0009132079994742526,52928512,0.340540059347181,OK,0.0009124290008912794,0.0009139990015682997,65743760,24909316096,60817408,"[0.34572871287128715, 0.340540059347181, 0.3368852621167161]","[1010, 1011, 1011]","[1.0005615639984171, 1.0003230399997847, 1.0004772409993166]",
272,2,True,OK,0.0003969930003222544,23306240,0.13884928716904277,OK,0.00039619400013179984,0.0003986240008089226,19556912,24909316096,41943040,"[0.13877565146579804, 0.13884928716904277, 0.14033727087576375]","[2456, 2455, 2455]","[1.0001704149999568, 1.0001619739996386, 1.0003088739995292]",
256,179,True,OK,0.015903363999314024,811958272,5.440936507936508,OK,0.015883353000390343,0.015911123000478256,1224800960,24909316096,843055104,"[5.508523809523809, 5.416888888888889, 5.440936507936508]","[63, 63, 63]","[1.009029630000441, 1.0074292829995102, 1.0089387370007898]",
64,1,False,OK,0.00031139299971982837,31440896,0.06285231425091352,OK,0.00030834300014248583,0.00031345299976237584,4590752,24909316096,39845888,"[0.06207256097560976, 0.06333343483556639, 0.06285231425091352]","[3280, 3284, 3284]","[1.0000725490008335, 1.000173739001184, 1.0002072400002362]",
256,29,True,OK,0.0028308569999353494,143228928,0.950564738292011,OK,0.0028118160007579718,0.00287354600004619,201918560,24909316096,155189248,"[0.953939226519337, 0.9492121212121212, 0.950564738292011]","[362, 363, 363]","[1.0000052630002756, 1.002460087000145, 1.0024298349999299]",
400,56,True,OK,0.01224388400078169,622551040,4.273395061728395,OK,0.012222144001498236,0.012250063999090344,936195728,24909316096,654311424,"[4.279222222222222, 4.240160493827161, 4.273395061728395]","[81, 81, 81]","[1.0039622849999432, 1.002196969000579, 1.0027897340005438]",
512,64,False,OK,0.022489406999739003,1153531904,7.710244444444444,OK,0.022487116999400314,0.022497758000099566,1749213968,24909316096,1180696576,"[7.710244444444444, 7.6482222222222225, 8.361177777777778]","[45, 45, 45]","[1.0222059190000437, 1.0223981500002992, 1.0212138879996928]",
272,128,True,OK,0.012996808998650522,657686528,4.495272727272727,OK,0.012990349001483992,0.013008957999772974,989480720,24909316096,692060160,"[4.597013157894737, 4.495272727272727, 4.492987012987013]","[76, 77, 77]","[1.000800927000455, 1.0128140760007227, 1.0126874249999673]",
400,32,True,OK,0.007494968000173685,361824256,2.6003533834586467,OK,0.007488487999580684,0.0075581579985737335,536752400,24909316096,394264576,"[2.6211060606060608, 2.585766917293233, 2.6003533834586467]","[132, 133, 133]","[1.0001852139994298, 1.0068100739990768, 1.0067161629995098]",
64,32,False,OK,0.0004166939997958252,21987328,0.14162282157676348,OK,0.0004147039999224944,0.00041816399971139617,17903888,24909316096,41943040,"[0.13794566569888014, 0.14255435684647302, 0.14162282157676348]","[2411, 2410, 2410]","[1.0001601530002517, 1.0003056349996768, 1.0003920859999198]",
400,1,True,OK,0.0004036530008306727,23561216,0.1444074074074074,OK,0.0004032340002595447,0.0004039840005134465,20804768,24909316096,41943040,"[0.1427040773434216, 0.14538474504846186, 0.1444074074074074]","[2379, 2373, 2376]","[1.0003476349993434, 1.0002217440014647, 1.0001883650002128]",
384,29,True,OK,0.006136583000625251,304250880,2.1189693251533743,OK,0.006126734000645229,0.006195863999892026,448989280,24909316096,335544320,"[2.1224233128834356, 2.1074601226993863, 2.1189693251533743]","[163, 163, 163]","[1.002967783000713, 1.0007403449999401, 1.0003246329997637]",
224,8,False,OK,0.0007302670001081424,40206336,0.2655924207269915,OK,0.0007289360000868328,0.0007313269998121541,45935504,24909316096,60817408,"[0.25989799072642966, 0.2655924207269915, 0.26788948995363215]","[1294, 1293, 1294]","[1.0005133419999765, 1.0004411030004121, 1.000511545000336]",
128,4,False,OK,0.00039489300070272293,27295744,0.1360596837944664,OK,0.0003925830005755415,0.00039775400000507943,10990928,24909316096,44040192,"[0.12959407114624505, 0.1360596837944664, 0.14914048278591216]","[2530, 2530, 2527]","[1.0000126599989017, 1.0001421819997631, 1.0001903150005091]",
32,64,False,OK,0.0003420829998503905,17137664,0.1127438524590164,OK,0.0003417230000195559,0.000345453001500573,11199248,24909316096,44040192,"[0.10844034188034188, 0.1127438524590164, 0.12344178900648685]","[2925, 2928, 2929]","[1.000187214000107, 1.0000344730015058, 1.000218228000449]",
352,16,True,OK,0.002886094000132289,147488768,0.9807834757834758,OK,0.0028685939996648813,0.0028896139992866665,210393104,24909316096,163577856,"[0.9809628571428571, 0.9723732193732194, 0.9807834757834758]","[350, 351, 351]","[1.0007984099993337, 1.001880001000245, 1.00226786499843]",
80,8,True,OK,0.0003307629995106254,35495936,0.0974103146286085,OK,0.000329612999848905,0.0003318819999549305,9513872,24909316096,62914560,"[0.0945814935064935, 0.0974103146286085, 0.09879111255270841]","[3080, 3083, 3083]","[1.000297058999422, 1.0001194889991893, 1.0000068610006565]",
384,4,False,OK,0.0009567580000293674,52789248,0.34587664307381194,OK,0.0009474179987591924,0.0009745179995661601,65516880,24909316096,58720256,"[0.34151061678463096, 0.34587664307381194, 0.3497138523761375]","[989, 989, 989]","[1.0004590820008161, 1.0001113539983635, 1.0009414319993084]",
384,56,True,OK,0.011377953000192065,575242240,3.91975,OK,0.011376413000107277,0.0113901029999397,863139472,24909316096,603979776,"[3.899306818181818, 3.91975, 3.9303863636363636]","[88, 88, 88]","[1.0083590039994306, 1.0071276649996435, 1.007180837001215]",
224,4,False,OK,0.0004767840000567958,27361280,0.17027940446650125,OK,0.00047607400119886734,0.00047759399967617355,25048400,24909316096,41943040,"[0.16835034687809713, 0.17027940446650125, 0.17174565325384997]","[2018, 2015, 2013]","[1.0001525610005046, 1.0001441329986847, 1.000016454998331]",
64,128,False,OK,0.000894886999958544,48332800,0.3296756238003839,OK,0.0008902070003387053,0.0008972070008894661,59131664,24909316096,62914560,"[0.3296756238003839, 0.33033045977011494, 0.32873512476007677]","[1042, 1044, 1042]","[1.0003918679994968, 1.000732684000468, 1.0001185220007756]",
352,4,True,OK,0.0008179159995052032,46383104,0.30401232394366196,OK,0.000813556000139215,0.0008197259994631168,55719248,24909316096,60817408,"[0.2995132275132275, 0.30401232394366196, 0.30726584507042254]","[1134, 1136, 1136]","[1.000636675998976, 1.0006701790007355, 1.0008160229990608]",
256,64,False,OK,0.006014257000060752,297893888,2.0723072289156628,OK,0.006012317000568146,0.006017886000336148,440591120,24909316096,325058560,"[2.0723072289156628, 2.051463855421687, 2.075759036144578]","[166, 166, 166]","[1.004573497999445, 1.0020934420008416, 1.0021272560006764]",
272,179,True,OK,0.01823395900100877,914690048,6.284563636363637,OK,0.018179538999902434,0.01823956999942311,1382068928,24909316096,947912704,"[6.309454545454545, 6.279454545454546, 6.284563636363637]","[55, 55, 55]","[1.011637403998975, 1.0085905030009599, 1.0083337440009927]",
224,256,False,OK,0.017700973001410603,887193600,6.070912280701754,OK,0.017694203999781166,0.017708224999296363,1340935952,24909316096,916455424,"[6.162339285714285, 5.990105263157894, 6.070912280701754]","[56, 57, 57]","[1.0021467139995366, 1.0161538419997669, 1.0168999210000038]",
128,128,False,OK,0.003334895000079996,155287552,1.1224607843137255,OK,0.0033110450003732694,0.0033870450006361352,222709520,24909316096,167772160,"[1.113718954248366, 1.1312124183006536, 1.1224607843137255]","[306, 306, 306]","[1.0020284469992475, 1.001314655000897, 1.0012882989994978]",
256,256,False,OK,0.02273415799936629,1153531904,7.869227272727272,OK,0.022691758998917066,0.02285961899906397,1749880592,24909316096,1182793728,"[7.8370227272727275, 8.693931818181818, 7.869227272727272]","[44, 44, 44]","[1.0107238719992893, 1.0086166090004554, 1.0077031759992678]",
384,64,False,OK,0.013012395000259858,654409728,4.473519480519481,OK,0.013009565000174916,0.01301336500000616,985850640,24909316096,681574400,"[4.471467532467533, 4.473519480519481, 4.481662337662337]","[77, 77, 77]","[1.0109996209994279, 1.010736842001279, 1.0103171930004464]",
400,64,True,OK,0.014130632000160404,709853184,4.8460422535211265,OK,0.01412923200041405,0.014131471998553025,1069343504,24909316096,742391808,"[4.833267605633803, 5.347239436619718, 4.8460422535211265]","[71, 71, 71]","[1.0104980839987547, 1.011432593999416, 1.0096359159997519]",
32,56,True,OK,0.0003397230011614738,16580608,0.1045118768819003,OK,0.00033949300086533185,0.00034023300031549297,10319504,24909316096,41943040,"[0.10382372654155496, 0.1045118768819003, 0.10614223560910307]","[2984, 2989, 2988]","[1.0002344200001971, 1.000329315998897, 1.0000447969996458]",
384,1,False,OK,0.0003938230001949705,23298048,0.13920363636363636,OK,0.0003927530015062075,0.00039533299968752544,19500192,24909316096,41943040,"[0.14113575757575758, 0.13920363636363636, 0.13870614389652386]","[2475, 2475, 2474]","[1.0002293510005984, 1.0002939169989986, 1.0000851799995871]",
32,29,True,OK,0.00030482200054393616,20811776,0.07655437424058323,OK,0.000303971999528585,0.00030684200100949965,7350368,24909316096,41943040,"[0.07659118541033434, 0.07655437424058323, 0.07596143334345581]","[3290, 3292, 3293]","[1.0001258229985979, 1.0000700170003256, 1.000022041000193]",
80,4,True,OK,0.00031242200020642485,32747520,0.0823734335839599,OK,0.00031151199982559774,0.0003141920005873544,6837584,24909316096,62914560,"[0.07975563909774436, 0.08310714285714285, 0.0823734335839599]","[3192, 3192, 3192]","[1.0000529139997525, 1.0002418809999654, 1.000235915000303]",
512,128,False,OK,0.04551773899947875,2294382592,15.703863636363636,OK,0.04527577800035942,0.0457592000002478,3494266640,24909316096,2323644416,"[15.732863636363636, 15.601363636363637, 15.703863636363636]","[22, 22, 22]","[1.0057764500015764, 1.0039797520003049, 1.0042619790001481]",
352,179,True,OK,0.030414544000450405,1521860608,10.491757575757577,OK,0.030373534000318614,0.03047073299967451,2311379648,24909316096,1553989632,"[11.463757575757576, 10.468484848484849, 10.491757575757577]","[33, 33, 33]","[1.0083766160005325, 1.008916634000343, 1.0076000799999747]",
400,256,True,OK,0.056006798999078455,2799009792,19.116611111111112,OK,0.05592955800057098,0.056200598999566864,4264890128,24909316096,2831155200,"[19.10538888888889, 19.116611111111112, 19.125722222222223]","[18, 18, 18]","[1.0123921699996572, 1.0105779339992296, 1.0116589660010504]",
512,56,True,OK,0.01990617900082725,1010925568,6.90944,OK,0.01990375900095387,0.019911138999304967,1531082384,24909316096,1038090240,"[6.90944, 6.85736, 6.94352]","[50, 50, 50]","[1.0036079809997318, 1.0032357750005758, 1.0037781430000905]",
32,179,True,OK,0.0005026730013923952,25337856,0.17592014242115972,OK,0.0004983130002074176,0.0005042239990871167,23845568,24909316096,41943040,"[0.17048475609756097, 0.17592014242115972, 0.17778128179043742]","[1968, 1966, 1966]","[1.0000887740006874, 1.00028034099887, 1.0004642580006475]",
400,128,True,OK,0.027937806000409182,1406369792,9.518444444444444,OK,0.027846356000736705,0.02799055600007705,2134525712,24909316096,1440743424,"[9.489944444444445, 9.518444444444444, 9.717138888888888]","[36, 36, 36]","[1.0131739100015693, 1.012575012000525, 1.011412070998631]",
80,29,True,OK,0.0004926230012642918,25393152,0.1729043565348022,OK,0.0004921130002912832,0.0004961940012435662,23564384,24909316096,41943040,"[0.1738649324662331, 0.17191337005508261, 0.1729043565348022]","[1999, 1997, 1997]","[1.00025453499984, 1.0000141489999805, 1.0000429149986303]",
256,8,False,OK,0.0008764159993006615,48332800,0.3242713615023474,OK,0.0008732250007597031,0.0008785049994912697,58715024,24909316096,60817408,"[0.3294507042253521, 0.3242713615023474, 0.3218470919324578]","[1065, 1065, 1066]","[1.0005662129988195, 1.0000105059989437, 1.0007764870006213]",
224,56,True,OK,0.004325866000726819,204603392,1.4890387931034483,OK,0.004293276000680635,0.004356666000603582,296580752,24909316096,234881024,"[1.4947887931034483, 1.4890387931034483, 1.4727596566523604]","[232, 232, 233]","[1.0001439040006517, 1.0000428490002378, 1.0041938710000977]",
352,32,True,OK,0.005632993999824976,284000256,1.9484802259887006,OK,0.0056286729995917995,0.005637274000036996,416624912,24909316096,314572800,"[1.97025, 1.9484802259887006, 1.927090395480226]","[176, 177, 177]","[1.0001244979994226, 1.002564258998973, 1.001226186999702]",
128,32,False,OK,0.0008986949997051852,48332800,0.33204918032786884,OK,0.0008969949994934723,0.0009169660006591585,58798352,24909316096,60817408,"[0.3336595949855352, 0.3281899710703954, 0.33204918032786884]","[1037, 1037, 1037]","[1.0008860399993864, 1.0005069840008218, 1.0003821709997283]",
64,29,True,OK,0.0004104020008526277,20758528,0.13939135752140236,OK,0.00040947300112748053,0.0004119730001548305,16615520,24909316096,41943040,"[0.13939135752140236, 0.13955079559363526, 0.13866013871889024]","[2453, 2451, 2451]","[1.0001791550002963, 1.000247350999416, 1.0000150870000653]",
128,8,False,OK,0.0003940520000469405,21987328,0.13812399678972712,OK,0.000393442000131472,0.0003966330004914198,17820560,24909316096,41943040,"[0.13812399678972712, 0.1379096748293858, 0.13866011235955056]","[2492, 2491, 2492]","[1.00019899399922, 1.0000161589996424, 1.0002563180005382]",
512,16,False,OK,0.005928402999415994,297893888,2.048360946745562,OK,0.005922493999605649,0.005998533999445499,440424464,24909316096,325058560,"[2.2509404761904763, 2.048360946745562, 2.0202366863905326]","[168, 169, 169]","[1.0012789749998774, 1.0051209940011177, 1.0051540010008466]",
224,29,True,OK,0.002387053000347805,112570368,0.8268285714285715,OK,0.0022401930000341963,0.0024018629992497154,155592800,24909316096,125829120,"[0.8213016627078384, 0.8268285714285715, 0.902652380952381]","[421, 420, 420]","[1.002059966998786, 1.0005847860011272, 1.0008511750002071]",
272,16,True,OK,0.0019025110013899393,93175808,0.6378059149722736,OK,0.0016606789995421423,0.0019126000006508548,127326224,24909316096,121634816,"[0.6378059149722736, 0.6321254612546126, 0.6382121771217713]","[541, 542, 542]","[1.0012691109986918, 1.0011472379992483, 1.0011809459992946]",
352,256,True,OK,0.04351536800095346,2170650624,15.049478260869565,OK,0.04346992800128646,0.04384130900143646,3303870224,24909316096,2199912448,"[15.049478260869565, 14.923, 15.051434782608696]","[23, 23, 23]","[1.0042067379999935, 1.0044799460010836, 1.0047027740001795]",
128,16,False,OK,0.0005380530001275474,30507008,0.19630791121229368,OK,0.0005375529999582795,0.000539573000423843,31479824,24909316096,41943040,"[0.19836384309266628, 0.19630791121229368, 0.19500626067159932]","[1759, 1757, 1757]","[1.0004908179998893, 1.0005029559997638, 1.0004122930004087]",
272,64,True,OK,0.006895947000884917,334659584,2.376248275862069,OK,0.006892837000123109,0.006899586000145064,496821008,24909316096,369098752,"[2.376248275862069, 2.38351724137931, 2.3699379310344826]","[145, 145, 145]","[1.0036495020012808, 1.0017709399999148, 1.0021775199984404]",
256,128,False,OK,0.011540751000211458,583106560,3.974206896551724,OK,0.011538930999449803,0.011546439998710412,877020944,24909316096,612368384,"[4.367402298850575, 3.9721954022988504, 3.974206896551724]","[87, 87, 87]","[1.0093212140000105, 1.0096495139987383, 1.0082847749999928]",
384,128,False,OK,0.025746413000888424,1296138240,8.903846153846153,OK,0.02572167200014519,0.025850022999293287,1967539984,24909316096,1325400064,"[8.903846153846153, 8.856153846153846, 9.779128205128204]","[39, 39, 39]","[1.0137464819999877, 1.0115208970000822, 1.011887876999026]",
32,2,False,OK,0.00028553099946293514,17825792,0.05567008310249307,OK,0.00028481200024543796,0.0002859410014934838,4381232,24909316096,39845888,"[0.05400276625172891, 0.05619512870190977, 0.05567008310249307]","[3615, 3613, 3610]","[1.0000847230003274, 1.000144661999002, 1.000205800999538]",
352,2,True,OK,0.0005187520000617951,29532160,0.19084798231066888,OK,0.0005169529995328048,0.000520301999131334,29940272,24909316096,41943040,"[0.18480839315295416, 0.19084798231066888, 0.19189491150442478]","[1811, 1809, 1808]","[1.000176866999027, 1.0004372769999463, 1.0003532050013746]",
352,64,True,OK,0.010888684000747162,552960000,3.7856923076923077,OK,0.010875983000005363,0.010947894001219538,829088528,24909316096,583008256,"[3.7856923076923077, 3.7407032967032965, 3.787241758241758]","[91, 91, 91]","[1.003191698999217, 1.0015930889985611, 1.0022101609993115]",
384,179,True,OK,0.03603541499978746,1808695296,12.313285714285714,OK,0.03596358499999042,0.03628621700045187,2749823680,24909316096,1841299456,"[12.313285714285714, 13.558964285714286, 12.280321428571428]","[28, 28, 28]","[1.0147114739993413, 1.0141710499992769, 1.0136657650000416]",
512,8,False,OK,0.0032279049992212094,155287552,1.0919179810725552,OK,0.003202104999218136,0.0032321050002792617,222292880,24909316096,165675008,"[1.1016876971608833, 1.0919179810725552, 1.0851167192429023]","[317, 317, 317]","[1.0009964500004571, 1.0000847049996082, 1.000267564000751]",
64,4,False,OK,0.0003271709992986871,32415744,0.07738262835001615,OK,0.00032610200105409604,0.000329881999277859,5879120,24909316096,62914560,"[0.07738262835001615, 0.07740645161290323, 0.07683870967741936]","[3097, 3100, 3100]","[1.0000509909987159, 1.0001303200006078, 1.0002161100001103]",
352,1,True,OK,0.0004140820001339307,21929984,0.14444583856127144,OK,0.00041324199992232025,0.00041526200038788375,17050784,24909316096,41943040,"[0.14557101086048455, 0.14444583856127144, 0.143681589958159]","[2394, 2391, 2390]","[1.0002400670000497, 1.000253005999184, 1.000185925000551]",
272,256,True,OK,0.02606220900088374,1301643264,8.832076923076922,OK,0.025982679000662756,0.026068630000736448,1974800144,24909316096,1333788672,"[8.75146153846154, 8.832076923076922, 9.677564102564103]","[39, 39, 39]","[1.026535695998973, 1.0222691649996705, 1.021484959999725]",
128,56,True,OK,0.00144696700044733,75333632,0.5143883928571429,OK,0.0013640859997394728,0.0014482570004474837,99776144,24909316096,83886080,"[0.5165907738095238, 0.5113080357142857, 0.5143883928571429]","[672, 672, 672]","[1.001333946000159, 1.0001792500006559, 1.0001746799989633]",
400,16,True,OK,0.0037815669984411215,188973056,1.308560606060606,OK,0.003780006998567842,0.003783517000556458,270456848,24909316096,218103808,"[1.3129166666666667, 1.308560606060606, 1.2873358490566038]","[264, 264, 265]","[1.0011498389994813, 1.000287513999865, 1.0021367119989009]",
80,64,True,OK,0.0007632229990122141,40599552,0.2749216,OK,0.0007568029996036785,0.0007667930003663059,46981904,24909316096,60817408,"[0.2700776, 0.2765784, 0.2749216]","[1250, 1250, 1250]","[1.000258482999925, 1.000134560999868, 1.0007323329991777]",
256,2,False,OK,0.00038887200025783386,21987328,0.13498307752853209,OK,0.0003877810013364069,0.00039072200161172077,17799728,24909316096,41943040,"[0.13314718614718615, 0.1356275590551181, 0.13498307752853209]","[2541, 2540, 2541]","[1.0001609190003364, 1.0000959889985097, 1.0002220290007244]",
224,128,False,OK,0.009093418999327696,450985984,3.156119266055046,OK,0.00909223800044856,0.00909565899928566,672548624,24909316096,480247808,"[3.166238532110092, 3.1214128440366973, 3.156119266055046]","[109, 109, 109]","[1.004062697998961, 1.002123690001099, 1.0020889799998258]",
384,2,False,OK,0.0005488320002768887,32735232,0.20623205741626793,OK,0.0005480929994519101,0.0005491720003192313,34839088,24909316096,39845888,"[0.20623205741626793, 0.20645389221556887, 0.20526047904191616]","[1672, 1670, 1670]","[1.0000002199994924, 1.0001096600008168, 1.0003458309984126]",
64,256,False,OK,0.0016853670003911247,83984384,0.5867606837606838,OK,0.0016639370005577803,0.0017058770008588908,114102032,24909316096,113246208,"[0.5867606837606838, 0.5843805460750853, 0.59011452991453]","[585, 586, 585]","[1.0001219480000145, 1.0006688309986203, 1.0000749589999032]",
128,1,False,OK,0.00021621099949697964,13795328,0.04880237994050149,OK,0.00021586100046988577,0.0002167410002584802,5868704,24909316096,41943040,"[0.047520664678312736, 0.04880237994050149, 0.049311011904761906]","[4694, 4706, 4704]","[1.0001416280010744, 1.0001294579997193, 1.0000224579998758]",
384,256,False,OK,0.0515371959991171,2579595264,17.4699,OK,0.05138655500013556,0.05192927699863503,3930918672,24909316096,2608857088,"[17.4699, 17.0335, 19.0542]","[20, 20, 20]","[1.0345325119997142, 1.0335881169994536, 1.0336800260010932]",
64,8,False,OK,0.0003420120010559913,34832384,0.0877609126984127,OK,0.0003400109999347478,0.00034366100044280756,7596944,24909316096,62914560,"[0.08704905535299967, 0.08833774834437086, 0.0877609126984127]","[3017, 3020, 3024]","[1.0000641739989078, 1.0002382340007898, 1.0000833249996504]",
224,1,False,OK,0.0004508519996306859,85790720,0.15483378500451672,OK,0.0004500319992075674,0.00045146100092097186,9383072,24909316096,113246208,"[0.15483378500451672, 0.1534672094075079, 0.15561545413465883]","[2214, 2211, 2213]","[1.0001605140005267, 1.0000140840002132, 1.0001400359997206]",
256,1,False,OK,0.0003570809985831147,17137664,0.11524198146828225,OK,0.00035640100031741895,0.000358421999408165,10980512,24909316096,44040192,"[0.11360042735042734, 0.11565823235923021, 0.11524198146828225]","[2808, 2806, 2806]","[1.0000194849999389, 1.0002835859995685, 1.0002526070002205]",
32,128,False,OK,0.0004145220009377226,21987328,0.14620777027027027,OK,0.0004136320003453875,0.0004149920005147578,18237200,24909316096,41943040,"[0.14620777027027027, 0.1452752642706131, 0.14623096446700506]","[2368, 2365, 2364]","[1.0002157970011467, 1.0002895380002883, 1.0000112369998533]",
256,4,False,OK,0.0005127420008648187,30507008,0.1899364289662797,OK,0.0005123120008647675,0.0005132419992150972,31438160,24909316096,41943040,"[0.18987465488680288, 0.19058917725013805, 0.1899364289662797]","[1811, 1811, 1809]","[1.0001232979993802, 1.0002625500001159, 1.0004990510005882]",
80,56,True,OK,0.0007317630006582476,37052416,0.26313925019127776,OK,0.0007305729996005539,0.0007325919996219454,41629328,24909316096,39845888,"[0.2625439938791125, 0.26449004594180703, 0.26313925019127776]","[1307, 1306, 1307]","[1.0001788189983927, 1.0001778309997462, 1.0007548550001957]",
400,8,True,OK,0.001975216999198892,101195776,0.6578742857142857,OK,0.0017423859990230994,0.001990766999369953,137309072,24909316096,123731968,"[0.664026717557252, 0.6578742857142857, 0.6546190476190477]","[524, 525, 525]","[1.0016142160002346, 1.0008762449997448, 1.001148118000856]",
64,16,False,OK,0.00035255100010544993,30638080,0.10958627858627859,OK,0.0003514709987939568,0.00035404099980951287,11032592,24909316096,44040192,"[0.10469636048526863, 0.10991000346140534, 0.10958627858627859]","[2885, 2889, 2886]","[1.0003126049996354, 1.0003226369990443, 1.0001568870011397]",
128,64,False,OK,0.0015698150000389433,83984384,0.5911986301369863,OK,0.0015639449993614107,0.0017435760000807932,113435408,24909316096,111149056,"[0.5937204116638078, 0.5911986301369863, 0.5854528301886792]","[583, 584, 583]","[1.000912197998332, 1.0016398730003857, 1.000200488999326]",
384,8,False,OK,0.0017254459999094252,92897280,0.6268436363636364,OK,0.0017218660013895715,0.0018374859992036363,126872464,24909316096,117440512,"[0.6352163636363637, 0.6268436363636364, 0.6191560798548095]","[550, 550, 551]","[1.001728944000206, 1.0003803319996223, 1.0011101349991804]",
512,4,False,OK,0.0016836949998833006,83984384,0.5684424342105263,OK,0.0014889150006638374,0.0016848660015966743,113227088,24909316096,111149056,"[0.561153212520593, 0.5739424342105263, 0.5684424342105263]","[607, 608, 608]","[1.00033102299858, 1.0011612069993134, 1.0012028189994453]",
256,56,True,OK,0.005274836999888066,262242304,1.8086596858638744,OK,0.005272618000162765,0.005315816999427625,386037392,24909316096,289406976,"[1.8227368421052632, 1.8078900523560208, 1.8086596858638744]","[190, 191, 191]","[1.000202282999453, 1.0047530600004393, 1.004902992001007]",
80,179,True,OK,0.0016468650010210695,90582016,0.622216606498195,OK,0.0016397750005126,0.0018427159993734676,123925184,24909316096,119537664,"[0.6249113924050633, 0.622216606498195, 0.6152036036036036]","[553, 554, 555]","[1.0006749579988536, 1.0005945899993094, 1.0015525150010944]",
80,32,True,OK,0.0005067109996161889,27492352,0.1799472860125261,OK,0.0005049219998909393,0.0005077810001239413,25571600,24909316096,41943040,"[0.18207972902553413, 0.1799472860125261, 0.17916805845511483]","[1919, 1916, 1916]","[1.0000167910002347, 1.0000615529988863, 1.0002100959991367]",
224,179,True,OK,0.012441839000530308,624422912,4.33745,OK,0.012436918999810587,0.012465829000575468,938859200,24909316096,658505728,"[4.33745, 4.3661, 4.315375]","[80, 80, 80]","[1.0058484569999564, 1.0043781340009446, 1.0044989969992457]",
272,4,True,OK,0.0005443019999802345,32804864,0.20493424170616115,OK,0.0005439110009319847,0.0005450510016089538,34952528,24909316096,39845888,"[0.20762736966824644, 0.20493424170616115, 0.20371504739336493]","[1688, 1688, 1688]","[1.000225904999752, 1.000100786000985, 1.0005014599992137]",
80,256,True,OK,0.0025066170001082355,125140992,0.8524257425742574,OK,0.002283387000716175,0.002524446999814245,175443728,24909316096,142606336,"[0.8661311881188118, 0.8524257425742574, 0.8459876543209877]","[404, 404, 405]","[1.0020039640003233, 1.0005923429998802, 1.0024297599993588]",
272,29,True,OK,0.003304759000457125,159126528,1.1295934426229508,OK,0.0032850999996298924,0.0033083499984059017,227397728,24909316096,171966464,"[1.1321540983606557, 1.1179180327868852, 1.1295934426229508]","[305, 305, 305]","[1.0032776129992271, 1.0018559210002422, 1.0018216040007246]",
224,32,False,OK,0.0025047969993465813,122912768,0.8578585607940447,OK,0.00227407600141305,0.002523367000321741,171258128,24909316096,140509184,"[0.8578585607940447, 0.8536253101736972, 0.858106699751861]","[403, 403, 403]","[1.002008764000493, 1.0008268030014733, 1.000568495999687]",
224,2,False,OK,0.0003769810009544017,19505152,0.12593873004084663,OK,0.0003761610005312832,0.000378020999050932,14604848,24909316096,41943040,"[0.12593873004084663, 0.12678834014110657, 0.12542851838098776]","[2693, 2693, 2693]","[1.0001959959990927, 1.000311039000735, 1.000291271999231]",
32,32,False,OK,0.00030710100145370234,22118400,0.07822961832061069,OK,0.00030438999965554103,0.0003077909987041494,7680272,24909316096,41943040,"[0.07822961832061069, 0.07858791208791209, 0.07803476669716376]","[3275, 3276, 3279]","[1.000254283000686, 1.0001405550010531, 1.000075347999882]",
384,32,False,OK,0.006807028999901377,333545472,2.3516780821917806,OK,0.006801778999943053,0.006835647998741479,495005968,24909316096,360710144,"[2.3516780821917806, 2.369986301369863, 2.34321768707483]","[146, 146, 147]","[1.0007954880002217, 1.000050658998589, 1.006748070998583]",
512,179,True,OK,0.06400173000110954,3204546560,21.693125,OK,0.06366476700168278,0.06435534000047483,4884855488,24909316096,3233808384,"[23.739375, 21.693125, 21.514625]","[16, 16, 16]","[1.0248105350001424, 1.0228459019999718, 1.0231439950002823]",
32,256,False,OK,0.0005855819999851519,30507008,0.2092861500915192,OK,0.0005838110009790398,0.0005868709995411336,32313104,24909316096,41943040,"[0.2075670731707317, 0.2092861500915192, 0.21086821232458816]","[1640, 1639, 1639]","[1.0001257679996343, 1.000472350999189, 1.0001602029988135]",
512,29,True,OK,0.010488705998795922,530677760,3.607105263157895,OK,0.010481515999344992,0.010491647000890225,794888288,24909316096,557842432,"[3.607105263157895, 3.6290736842105265, 3.5965052631578946]","[95, 95, 95]","[1.0063817760001257, 1.0044642649991147, 1.004779408000104]",
128,29,True,OK,0.0007836209988454357,44990464,0.29234775233248517,OK,0.0007821119997970527,0.0007842119994165841,53676128,24909316096,60817408,"[0.29458813559322033, 0.29234775233248517, 0.29053859202714166]","[1180, 1179, 1179]","[1.000639890000457, 1.0004811030012206, 1.0004104059989913]",
400,4,True,OK,0.0009809130006033229,57270272,0.3701031149301826,OK,0.000979672000539722,0.0009850719998212298,70735184,24909316096,60817408,"[0.3764462365591398, 0.3701031149301826, 0.36709431939978565]","[930, 931, 933]","[1.0002255979998154, 1.0005052420001448, 1.0004305050006224]",
64,179,True,OK,0.0011807930004579248,63389696,0.4454141025641026,OK,0.0011769430002459558,0.0012956339996890165,81033920,24909316096,79691776,"[0.4352471042471042, 0.4454141025641026, 0.4852233632862644]","[777, 780, 779]","[1.0000933060000534, 1.0005367409994506, 1.001068096000381]",
64,56,True,OK,0.0005160410000826232,28278784,0.18621160042964555,OK,0.0005156610004632967,0.0005180319985811366,28210832,24909316096,41943040,"[0.17951722282023683, 0.20323548387096774, 0.18621160042964555]","[1858, 1860, 1862]","[1.0003373159997864, 1.0001561999997648, 1.00031661399953]",
256,16,False,OK,0.001694643000519136,83984384,0.5776291946308725,OK,0.0015537430008407682,0.0016968439995252993,113268752,24909316096,111149056,"[0.5806285714285714, 0.572499162479062, 0.5776291946308725]","[595, 597, 596]","[1.0000727650003682, 1.0015848520015425, 1.0007905750007922]",
128,256,False,OK,0.005992583000988816,297893888,2.0724131736526945,OK,0.005977364000500529,0.006009652999637183,441257744,24909316096,327155712,"[2.077909638554217, 2.053934131736527, 2.0724131736526945]","[166, 167, 167]","[1.000068793000537, 1.004988726999727, 1.0042441699988558]",
400,29,True,OK,0.006628265000472311,330190848,2.28258,OK,0.006619034000323154,0.006642074000410503,486821984,24909316096,358612992,"[2.28258, 2.291112582781457, 2.2590264900662254]","[150, 151, 151]","[1.0000844509995659, 1.0058945069995389, 1.0036444170000323]",
