S,B,is_validation,latency,memory,energy,flops,bytes_moved,latency_predicted,memory_predicted,energy_predicted,model_branch,launch_seconds,compute_seconds,memory_seconds
352,8,True,0.0015047500000946457,80412672.0,0.5214916286149163,17561193248.0,365038480.0,0.0015078595010517561,107277200.0,0.5239587412600146,compute,9.352427203034293e-05,0.0011778906922270543,0.0002364445367943591
352,29,True,0.005036436001319089,258916352.0,1.7487373737373737,63659325524.0,1312341088.0,0.005251719519747879,377956448.0,1.9042241500060642,compute,5.6114563218205755e-05,0.004269853759323072,0.0009257511972066003
80,128,True,0.0012240750002092682,69435392.0,0.45118610747051113,14551462400.0,303449872.0,0.0012685406776477,89802512.0,0.4357280136268097,compute,0.00013093398084248011,0.0009734633820058303,0.0001641433147993898
272,56,True,0.005846553998708259,296255488.0,2.022994152046784,73408511456.0,1512732304.0,0.0060468843082913904,435238544.0,2.1973810646339023,compute,5.6114563218205755e-05,0.004923291054494486,0.0010674786905786984
384,16,False,0.003521213999192696,174161920.0,1.1762534246575342,41797588544.0,863082512.0,0.0034675274307937845,249583632.0,1.2464381722601965,compute,5.6114563218205755e-05,0.0028035745401767905,0.000607838327398788
512,256,False,0.08802069500052312,4576083968.0,31.475916666666667,1188846724096.0,24433987344.0,0.09709137200147229,6984371984.0,35.763154462237765,compute,5.6114563218205755e-05,0.0797461202539176,0.01728913718433649
32,16,False,0.00029661400003533345,19374080.0,0.05878950420411713,295245376.0,10262544.0,0.000317982524903166,5920784.0,0.08528154108701556,launch,0.000317982524903166,0.0,0.0
32,4,False,0.00028089300030842423,18046976.0,0.05119971949509117,73811344.0,5686608.0,0.000317982524903166,4601168.0,0.08528154108701556,launch,0.000317982524903166,0.0,0.0
512,1,False,0.0004907959992124233,30507008.0,0.18124358302776322,4643932516.0,99590304.0,0.0005199573623186355,31427744.0,0.15974449646716105,compute,0.000224458252872823,0.00027548925773693446,2.0009851708877993e-05
64,64,False,0.0005301960009091999,30507008.0,0.19310740122426265,4663695616.0,100131600.0,0.0005199573623186355,31646480.0,0.15974449646716105,compute,0.000224458252872823,0.00027548925773693446,2.0009851708877993e-05
80,2,True,0.00020842300000367686,13551616.0,0.04198415015641293,227366600.0,8837680.0,0.000317982524903166,5499440.0,0.08528154108701556,launch,0.000317982524903166,0.0,0.0
352,56,True,0.009827066000070772,485523456.0,3.4377029702970296,122928352736.0,2530301584.0,0.010089006893068608,725972624.0,3.6876082509650403,compute,5.6114563218205755e-05,0.008245234845589382,0.0017876574842610213
80,1,True,0.0002116329997079447,13116416.0,0.037071547075902114,113683300.0,6499488.0,0.000317982524903166,4830368.0,0.08528154108701556,launch,0.000317982524903166,0.0,0.0
400,179,True,0.03838995099977183,1961490432.0,13.080192307692307,507385112300.0,10430659264.0,0.04146794960814682,2983342784.0,15.256221654339654,compute,5.6114563218205755e-05,0.03403319245684445,0.007378642588084166
32,1,False,0.00027234299886913504,17715200.0,0.04565372589890568,18452836.0,4542624.0,0.000317982524903166,4271264.0,0.08528154108701556,launch,0.000317982524903166,0.0,0.0
80,16,True,0.00038905399924260564,19644416.0,0.125675791943684,1818932800.0,41572368.0,0.00035619869761993703,14866448.0,0.09937086627337613,launch,0.0002805728160910288,7.562588152890821e-05,0.0
256,32,False,0.0032121259991981788,155287552.0,1.076858934169279,37158988928.0,767799568.0,0.0030885249807760745,222376208.0,1.1067096650571848,compute,5.6114563218205755e-05,0.002492066257934925,0.0005403441596229437
272,1,True,0.0003851550009130733,17712128.0,0.10973244781783681,1310866276.0,31100064.0,0.000335212515495665,11859104.0,0.09163379781912727,launch,0.0002805728160910288,5.4639699404636186e-05,0.0
128,2,False,0.00029503399855457246,14909440.0,0.07117084685748008,581079752.0,16106032.0,0.000317982524903166,7576112.0,0.08528154108701556,launch,0.000317982524903166,0.0,0.0
224,16,False,0.001226024000061443,67272704.0,0.454173455978975,14226101824.0,296523792.0,0.0012457885437115956,87709712.0,0.42733988391834393,compute,0.00013093398084248011,0.0009539941143657136,0.000160860448503402
272,32,True,0.003642739000497386,174620672.0,1.245467391304348,41947720832.0,866201872.0,0.0034794115604028825,250491152.0,1.250819546812284,compute,5.6114563218205755e-05,0.002813309173996849,0.0006099878231878276
64,2,False,0.00031768400003784336,31588352.0,0.06584126487163432,145740488.0,7160368.0,0.000317982524903166,5020208.0,0.08528154108701556,launch,0.000317982524903166,0.0,0.0
352,128,True,0.02121655299924896,1092714496.0,7.347744680851064,280979091968.0,5778196240.0,0.022988439888590555,1654015760.0,8.443299186855644,compute,5.6114563218205755e-05,0.01884625107563287,0.004086074249739477
32,8,False,0.00030078400050115306,18489344.0,0.05691088534107402,147622688.0,7211920.0,0.000317982524903166,5041040.0,0.08528154108701556,launch,0.000317982524903166,0.0,0.0
512,2,False,0.0008793090000835946,48332800.0,0.3192067352666043,9287865032.0,195019312.0,0.0008590022667978209,58694192.0,0.28474167887442664,compute,0.00013093398084248011,0.0006230165644837312,0.00010505172147160946
224,64,False,0.004601437000019359,232095744.0,1.5883256880733945,56904407296.0,1173611280.0,0.00469952965423646,338354960.0,1.700645873409338,compute,5.6114563218205755e-05,0.0038159764574628545,0.0008274386335554001
400,2,True,0.0006806670007790672,34441216.0,0.24719756621331423,5669107400.0,120658480.0,0.0005917337661685272,37448240.0,0.18620662029215798,compute,0.00018704854406068584,0.00038025913359602734,2.442608851181396e-05
128,179,True,0.004250721998687368,213090304.0,1.4418583333333332,52006637804.0,1073215168.0,0.0042970789267600595,309787328.0,1.552272586190704,compute,5.6114563218205755e-05,0.0034849989075808716,0.0007559654559609814
512,32,False,0.011355882001225837,583106560.0,3.9314886363636363,148605840512.0,3057889552.0,0.012185521742999967,876687632.0,4.460539640448581,compute,5.6114563218205755e-05,0.0099682650317397,0.0021611421480420613
272,8,True,0.0009132079994742526,52928512.0,0.340540059347181,10486930208.0,219671440.0,0.0009528548192842516,65743760.0,0.31934271392184777,compute,0.00013093398084248011,0.0007033272934992122,0.00011859354494255912
272,2,True,0.0003969930003222544,23306240.0,0.13884928716904277,2621732552.0,58038832.0,0.00039866387971243474,19556912.0,0.11502669251305217,launch,0.00024316310727889157,0.0001555007724335431,0.0
256,179,True,0.015903363999314024,811958272.0,5.440936507936508,207858094316.0,4275762880.0,0.017018660336432533,1224800960.0,6.242394192402109,compute,5.6114563218205755e-05,0.013939995630323486,0.003022550142890841
64,1,False,0.00031139299971982837,31440896.0,0.06285231425091352,72870244.0,5660832.0,0.000317982524903166,4590752.0,0.08528154108701556,launch,0.000317982524903166,0.0,0.0
256,29,True,0.0028308569999353494,143228928.0,0.950564738292011,33675333716.0,696208480.0,0.0028053075210631357,201918560.0,1.0022946332871558,compute,9.352427203034293e-05,0.002258435046253526,0.0004533482027792671
400,56,True,0.01224388400078169,622551040.0,4.273395061728395,158735007200.0,3266082448.0,0.013011772454369058,936195728.0,4.76515713954294,compute,5.6114563218205755e-05,0.010647255740688767,0.002308402150462085
512,64,False,0.022489406999739003,1153531904.0,7.710244444444444,297211681024.0,6111617808.0,0.024314928922781726,1749213968.0,8.932341757847034,compute,5.6114563218205755e-05,0.0199365300634794,0.0043222842960841225
272,128,True,0.012996808998650522,657686528.0,4.495272727272727,167790883328.0,3452323600.0,0.013749302551956912,989480720.0,5.037065618098756,compute,5.6114563218205755e-05,0.011253236695987396,0.0024399512927513103
400,32,True,0.007494968000173685,361824256.0,2.6003533834586467,90705718400.0,1868116240.0,0.007459347643875835,536752400.0,2.71812016104602,compute,5.6114563218205755e-05,0.0060841461375364374,0.0013190869431211915
64,32,False,0.0004166939997958252,21987328.0,0.14162282157676348,2331847808.0,52146448.0,0.0003809077361473589,17903888.0,0.10848045664066011,launch,0.00024316310727889157,0.00013774462886846723,0.0
400,1,True,0.0004036530008306727,23561216.0,0.1444074074074074,2834553700.0,62409888.0,0.0004113084061905948,20804768.0,0.11968840593733135,launch,0.00024316310727889157,0.00016814529891170314,0.0
384,29,True,0.006136583000625251,304250880.0,2.1189693251533743,75758129236.0,1560956000.0,0.006239300385698943,448989280.0,2.268319949743379,compute,5.6114563218205755e-05,0.005081478854070433,0.0011017069684103034
224,8,False,0.0007302670001081424,40206336.0,0.2655924207269915,7113050912.0,150342544.0,0.0006951308856599556,45935504.0,0.224326493013175,compute,0.00016834368965461727,0.0004769970571828568,4.979013882248157e-05
128,4,False,0.00039489300070272293,27295744.0,0.1360596837944664,1162159504.0,28050768.0,0.00032897338026953004,10990928.0,0.08933358827867488,launch,0.0002805728160910288,4.840056417850125e-05,0.0
32,64,False,0.0003420829998503905,17137664.0,0.1127438524590164,1180981504.0,28566288.0,0.00032897338026953004,11199248.0,0.08933358827867488,launch,0.0002805728160910288,4.840056417850125e-05,0.0
352,16,True,0.002886094000132289,147488768.0,0.9807834757834758,35122386496.0,725915664.0,0.0029226552288897493,210393104.0,1.0455577310258162,compute,5.6114563218205755e-05,0.0023557813844541087,0.0005107592812174346
80,8,True,0.0003307629995106254,35495936.0,0.0974103146286085,909466400.0,22866832.0,0.00032126193838340796,9513872.0,0.08649057693909049,launch,0.0002992776704970974,2.1984267886310528e-05,0.0
384,4,False,0.0009567580000293674,52789248.0,0.34587664307381194,10449397136.0,218891600.0,0.0009500108025422385,65516880.0,0.31829419770828954,compute,0.00013093398084248011,0.0007008936350441976,0.00011818318665556064
384,56,True,0.011377953000192065,575242240.0,3.91975,146291559904.0,3010385552.0,0.011996059599732732,863139472.0,4.390689795285372,compute,5.6114563218205755e-05,0.009812510890618768,0.002127434145895758
224,4,False,0.0004767840000567958,27361280.0,0.17027940446650125,3556525456.0,77251920.0,0.00045408457023373214,25048400.0,0.13545888326627586,launch,0.00024316310727889157,0.00021092146295484046,0.0
64,128,False,0.000894886999958544,48332800.0,0.3296756238003839,9327391232.0,196101904.0,0.0008590022667978209,59131664.0,0.28474167887442664,compute,0.00013093398084248011,0.0006230165644837312,0.00010505172147160946
352,4,True,0.0008179159995052032,46383104.0,0.30401232394366196,8780596624.0,184599888.0,0.0008191860324096382,55719248.0,0.2700624518846116,compute,0.00013093398084248011,0.0005889453461135272,9.930670545363083e-05
256,64,False,0.006014257000060752,297893888.0,2.0723072289156628,74317977856.0,1531437840.0,0.006120935398333944,440591120.0,2.2246818070642433,compute,5.6114563218205755e-05,0.00498413251586985,0.0010806883192458873
272,179,True,0.01823395900100877,914690048.0,6.284563636363637,234645063404.0,4826200768.0,0.01920518214121999,1382068928.0,7.048508843469694,compute,5.6114563218205755e-05,0.015736948192044874,0.0034121193859569104
224,256,False,0.017700973001410603,887193600.0,6.070912280701754,227617629184.0,4681961232.0,0.018629774927291225,1340935952.0,6.836370924486972,compute,5.6114563218205755e-05,0.015263905829851418,0.0033097545342216004
128,128,False,0.003334895000079996,155287552.0,1.1224607843137255,37189104128.0,768624400.0,0.003088759471225788,222709520.0,1.106796115686964,compute,5.6114563218205755e-05,0.002492066257934925,0.0005405786500726571
256,256,False,0.02273415799936629,1153531904.0,7.869227272727272,297271911424.0,6113267472.0,0.024315397903681153,1749880592.0,8.932514659106593,compute,5.6114563218205755e-05,0.0199365300634794,0.004322753276983549
384,64,False,0.013012395000259858,654409728.0,4.473519480519481,167190354176.0,3439846160.0,0.01370176603352052,985850640.0,5.019540119890407,compute,5.6114563218205755e-05,0.011214298160707162,0.002431353309595152
400,64,True,0.014130632000160404,709853184.0,4.8460422535211265,181411436800.0,3732071184.0,0.014862580724533465,1069343504.0,5.447502799041914,compute,5.6114563218205755e-05,0.012168292275072875,0.002638173886242383
32,56,True,0.0003397230011614738,16580608.0,0.1045118768819003,1033358816.0,25515664.0,0.00032390005052976517,10319504.0,0.08746318139594136,launch,0.0002992776704970974,2.462238003266779e-05,0.0
384,1,False,0.0003938230001949705,23298048.0,0.13920363636363636,2612349284.0,57843872.0,0.0003981258147559173,19500192.0,0.11482832172904028,launch,0.00024316310727889157,0.00015496270747702564,0.0
32,29,True,0.00030482200054393616,20811776.0,0.07655437424058323,535132244.0,15219808.0,0.000317982524903166,7350368.0,0.08528154108701556,launch,0.000317982524903166,0.0,0.0
80,4,True,0.00031242200020642485,32747520.0,0.0823734335839599,454733200.0,13514064.0,0.000317982524903166,6837584.0,0.08528154108701556,launch,0.000317982524903166,0.0,0.0
512,128,False,0.04551773899947875,2294382592.0,15.703863636363636,594423362048.0,12219074320.0,0.04857374328234525,3494266640.0,17.875945992643945,compute,5.6114563218205755e-05,0.0398730601269588,0.008644568592168245
352,179,True,0.030414544000450405,1521860608.0,10.491757575757577,392931698924.0,8078788288.0,0.0321255382604186,2311379648.0,11.811913599778155,compute,5.6114563218205755e-05,0.026355304238580343,0.005714119458620049
400,256,True,0.056006798999078455,2799009792.0,19.116611111111112,725645747200.0,14915800848.0,0.059281979208479246,4264890128.0,21.823798627017275,compute,5.6114563218205755e-05,0.0486731691002915,0.010552695544969532
512,56,True,0.01990617900082725,1010925568.0,6.90944,260060220896.0,5348185744.0,0.021282577127836287,1531082384.0,7.814391228497422,compute,5.6114563218205755e-05,0.017444463805544475,0.003781998759073607
32,179,True,0.0005026730013923952,25337856.0,0.17592014242115972,3303057644.0,72419008.0,0.0004357903617121388,23845568.0,0.12871427660987192,launch,0.00024316310727889157,0.00019262725443324716,0.0
400,128,True,0.027937806000409182,1406369792.0,9.518444444444444,362822873600.0,7459981072.0,0.029669046885848725,2134525712.0,10.9062680750337,compute,5.6114563218205755e-05,0.02433658455014575,0.005276347772484766
80,29,True,0.0004926230012642918,25393152.0,0.1729043565348022,3296815700.0,71968864.0,0.00043821165401646727,23564384.0,0.12960694513792537,launch,0.00024316310727889157,0.00019504854673757567,0.0
256,8,False,0.0008764159993006615,48332800.0,0.3242713615023474,9289747232.0,195070864.0,0.0008590022667978209,58715024.0,0.28474167887442664,compute,0.00013093398084248011,0.0006230165644837312,0.00010505172147160946
224,56,True,0.004325866000726819,204603392.0,1.4890387931034483,49791356384.0,1027430032.0,0.0041191027678591785,296580752.0,1.4866573296144363,compute,5.6114563218205755e-05,0.0033389794002799972,0.0007240088043609751
352,32,True,0.005632993999824976,284000256.0,1.9484802259887006,70244772992.0,1447670032.0,0.005789195894561293,416624912.0,2.1023779390015056,compute,5.6114563218205755e-05,0.004711562768908217,0.0010215185624348692
128,32,False,0.0008986949997051852,48332800.0,0.33204918032786884,9297276032.0,195277072.0,0.0008590022667978209,58798352.0,0.28474167887442664,compute,0.00013093398084248011,0.0006230165644837312,0.00010505172147160946
64,29,True,0.0004104020008526277,20758528.0,0.13939135752140236,2113237076.0,47647840.0,0.00036833777105836206,16615520.0,0.10384623209304193,launch,0.0002618679616849602,0.00010646980937340186,0.0
128,8,False,0.0003940520000469405,21987328.0,0.13812399678972712,2324319008.0,51940240.0,0.0003809077361473589,17820560.0,0.10848045664066011,launch,0.00024316310727889157,0.00013774462886846723,0.0
512,16,False,0.005928402999415994,297893888.0,2.048360946745562,74302920256.0,1531025424.0,0.006120818153109087,440424464.0,2.224638581749354,compute,5.6114563218205755e-05,0.00498413251586985,0.0010805710740210306
224,29,True,0.002387053000347805,112570368.0,0.8268285714285715,25784809556.0,534068320.0,0.0021697333220710747,155592800.0,0.7679746861792657,compute,9.352427203034293e-05,0.001729114332287856,0.0003470947177528764
272,16,True,0.0019025110013899393,93175808.0,0.6378059149722736,20973860416.0,435181584.0,0.0017825444422253367,127326224.0,0.6252280517342292,compute,9.352427203034293e-05,0.0014066545869984245,0.00028236558319656935
352,256,True,0.04351536800095346,2170650624.0,15.049478260869565,561958183936.0,11552231184.0,0.0459207652139629,3303870224.0,16.89786085066116,compute,5.6114563218205755e-05,0.03769250215126574,0.008172148499478954
128,16,False,0.0005380530001275474,30507008.0,0.19630791121229368,4648638016.0,99719184.0,0.0005199573623186355,31479824.0,0.15974449646716105,compute,0.000224458252872823,0.00027548925773693446,2.0009851708877993e-05
272,64,True,0.006895947000884917,334659584.0,2.376248275862069,83895441664.0,1728242448.0,0.00690270855758756,496821008.0,2.5129015705744417,compute,5.6114563218205755e-05,0.005626618347993698,0.0012199756463756551
256,128,False,0.011540751000211458,583106560.0,3.974206896551724,148635955712.0,3058714384.0,0.01218575623344968,877020944.0,4.46062609107836,compute,5.6114563218205755e-05,0.0099682650317397,0.0021613766384917747
384,128,False,0.025746413000888424,1296138240.0,8.903846153846153,334380708352.0,6875531024.0,0.027347417503822836,1967539984.0,10.050342716730688,compute,5.6114563218205755e-05,0.022428596321414324,0.004862706619190304
32,2,False,0.00028553099946293514,17825792.0,0.05567008310249307,36905672.0,4923952.0,0.000317982524903166,4381232.0,0.08528154108701556,launch,0.000317982524903166,0.0,0.0
352,2,True,0.0005187520000617951,29532160.0,0.19084798231066888,4390298312.0,94380592.0,0.0005037972547708177,29940272.0,0.15378667824252634,compute,0.000224458252872823,0.0002604234389544459,1.8915562943548728e-05
352,64,True,0.010888684000747162,552960000.0,3.7856923076923077,140489545984.0,2891178768.0,0.01152227722590438,829088528.0,4.216018354952885,compute,5.6114563218205755e-05,0.009423125537816435,0.0020430371248697384
384,179,True,0.03603541499978746,1808695296.0,12.313285714285714,467610521836.0,9613342400.0,0.03822129601921999,2749823680.0,14.059263536087785,compute,5.6114563218205755e-05,0.031364990168227844,0.00680019128777394
512,8,False,0.0032279049992212094,155287552.0,1.0919179810725552,37151460128.0,767593360.0,0.003088466358163646,222292880.0,1.1066880523997402,compute,5.6114563218205755e-05,0.002492066257934925,0.0005402855370105153
64,4,False,0.0003271709992986871,32415744.0,0.07738262835001615,291480976.0,10159440.0,0.000317982524903166,5879120.0,0.08528154108701556,launch,0.000317982524903166,0.0,0.0
352,1,True,0.0004140820001339307,21929984.0,0.14444583856127144,2195149156.0,49270944.0,0.00037337482675611457,17050784.0,0.10570326566449377,launch,0.00024316310727889157,0.00013021171947722295,0.0
272,256,True,0.02606220900088374,1301643264.0,8.832076923076922,335581766656.0,6900485904.0,0.02744249054069562,1974800144.0,10.085393713147386,compute,5.6114563218205755e-05,0.022506473391974792,0.0048799025855026205
128,56,True,0.00144696700044733,75333632.0,0.5143883928571429,16270233056.0,338613904.0,0.0014050534812643264,99776144.0,0.4860567918776041,compute,0.00013093398084248011,0.0010902789878465297,0.00018384051257531656
400,16,True,0.0037815669984411215,188973056.0,1.308560606060606,45352859200.0,936138768.0,0.0037577311035470206,270456848.0,1.3534288420480731,compute,5.6114563218205755e-05,0.0030420730687682187,0.0006595434715605958
80,64,True,0.0007632229990122141,40599552.0,0.2749216,7275731200.0,153805584.0,0.0007058816447621054,46981904.0,0.22829002285466382,compute,0.00016834368965461727,0.00048673169100291516,5.080626410457303e-05
256,2,False,0.00038887200025783386,21987328.0,0.13498307752853209,2322436808.0,51888688.0,0.0003809077361473589,17799728.0,0.10848045664066011,launch,0.00024316310727889157,0.00013774462886846723,0.0
224,128,False,0.009093418999327696,450985984.0,3.156119266055046,113808814592.0,2343061264.0,0.009342944745254714,672548624.0,3.412554223768549,compute,5.6114563218205755e-05,0.007631952914925709,0.0016548772671108002
384,2,False,0.0005488320002768887,32735232.0,0.20623205741626793,5224698568.0,111526448.0,0.0005600064447552725,34839088.0,0.1745095685754288,compute,0.00018704854406068584,0.0003504468175220988,2.2511083172487745e-05
64,256,False,0.0016853670003911247,83984384.0,0.5867606837606838,18654782464.0,388042512.0,0.0015896805473587803,114102032.0,0.5541240677842488,compute,9.352427203034293e-05,0.0012460331289674625,0.0002501231463609749
128,1,False,0.00021621099949697964,13795328.0,0.04880237994050149,290539876.0,10133664.0,0.000317982524903166,5868704.0,0.08528154108701556,launch,0.000317982524903166,0.0,0.0
384,256,False,0.0515371959991171,2579595264.0,17.4699,668761416704.0,13746900752.0,0.05463872044442747,3930918672.0,20.11194791041125,compute,5.6114563218205755e-05,0.04485719264282865,0.009725413238380607
64,8,False,0.0003420120010559913,34832384.0,0.0877609126984127,582961952.0,16157584.0,0.000317982524903166,7596944.0,0.08528154108701556,launch,0.000317982524903166,0.0,0.0
224,1,False,0.0004508519996306859,85790720.0,0.15483378500451672,889131364.0,22433952.0,0.0003208222530256817,9383072.0,0.08632847619628198,launch,0.0002992776704970974,2.1544582528584315e-05,0.0
256,1,False,0.0003570809985831147,17137664.0,0.11524198146828225,1161218404.0,28024992.0,0.00032897338026953004,10980512.0,0.08933358827867488,launch,0.0002805728160910288,4.840056417850125e-05,0.0
32,128,False,0.0004145220009377226,21987328.0,0.14620777027027027,2361963008.0,52971280.0,0.0003809077361473589,18237200.0,0.10848045664066011,launch,0.00024316310727889157,0.00013774462886846723,0.0
256,4,False,0.0005127420008648187,30507008.0,0.1899364289662797,4644873616.0,99616080.0,0.0005199573623186355,31438160.0,0.15974449646716105,compute,0.000224458252872823,0.00027548925773693446,2.0009851708877993e-05
80,56,True,0.0007317630006582476,37052416.0,0.26313925019127776,6366264800.0,135100048.0,0.0006402959928214682,41629328.0,0.20411027087898842,compute,0.00018704854406068584,0.0004258902296275507,2.7357219133231633e-05
400,8,True,0.001975216999198892,101195776.0,0.6578742857142857,22676429600.0,470150032.0,0.0019198869128121267,137309072.0,0.6758627069713364,compute,9.352427203034293e-05,0.0015210365343841094,0.00030532610639767444
64,16,False,0.00035255100010544993,30638080.0,0.10958627858627859,1165923904.0,28153872.0,0.00032897338026953004,11032592.0,0.08933358827867488,launch,0.0002805728160910288,4.840056417850125e-05,0.0
128,64,False,0.0015698150000389433,83984384.0,0.5911986301369863,18594552064.0,386392848.0,0.0015896805473587803,113435408.0,0.5541240677842488,compute,9.352427203034293e-05,0.0012460331289674625,0.0002501231463609749
384,8,False,0.0017254459999094252,92897280.0,0.6268436363636364,20898794272.0,433621904.0,0.0017767000817748351,126872464.0,0.623073385553927,compute,9.352427203034293e-05,0.0014017872700883953,0.00028138853965609676
512,4,False,0.0016836949998833006,83984384.0,0.5684424342105263,18575730064.0,385877328.0,0.0015896805473587803,113227088.0,0.5541240677842488,compute,9.352427203034293e-05,0.0012460331289674625,0.0002501231463609749
256,56,True,0.005274836999888066,262242304.0,1.8086596858638744,65028230624.0,1340528272.0,0.005362832793944476,386037392.0,1.9451887715624787,compute,5.6114563218205755e-05,0.004361115951386119,0.0009456022793401513
80,179,True,0.0016468650010210695,90582016.0,0.622216606498195,20349310700.0,422697664.0,0.0017281188355300395,123925184.0,0.6051627229301628,compute,9.352427203034293e-05,0.001361327698273778,0.0002732668652259186
80,32,True,0.0005067109996161889,27492352.0,0.1799472860125261,3637865600.0,78983440.0,0.0004583890898858717,25571600.0,0.1370458495383709,launch,0.00024316310727889157,0.0002152259826069801,0.0
224,179,True,0.012441839000530308,624422912.0,4.33745,159154514156.0,3274966720.0,0.013043166145909887,938859200.0,4.776731190461046,compute,5.6114563218205755e-05,0.01067280915446642,0.00231424242822526
272,4,True,0.0005443019999802345,32804864.0,0.20493424170616115,5243465104.0,111916368.0,0.0005613014374660176,34952528.0,0.17498699925774427,compute,0.00018704854406068584,0.0003516636467496061,2.2589246655725548e-05
80,256,True,0.0025066170001082355,125140992.0,0.8524257425742574,29102924800.0,602738448.0,0.002431268452231026,175443728.0,0.8643959977477997,compute,9.352427203034293e-05,0.0019469267640116607,0.00039081741618902336
272,29,True,0.003304759000457125,159126528.0,1.1295934426229508,38015122004.0,785385568.0,0.0031584774669168193,227397728.0,1.1324993570845818,compute,5.6114563218205755e-05,0.002549561438934645,0.0005528014647639687
224,32,False,0.0025047969993465813,122912768.0,0.8578585607940447,28452203648.0,588886288.0,0.0023845135686270127,171258128.0,0.8471586683053802,compute,9.352427203034293e-05,0.0019079882287314272,0.0003830010678652429
224,2,False,0.0003769810009544017,19505152.0,0.12593873004084663,1778262728.0,40706608.0,0.0003546861799893588,14604848.0,0.09881323971811493,launch,0.0002805728160910288,7.411336389833005e-05,0.0
32,32,False,0.00030710100145370234,22118400.0,0.07822961832061069,590490752.0,16363792.0,0.000317982524903166,7680272.0,0.08528154108701556,launch,0.000317982524903166,0.0,0.0
384,32,False,0.006807028999901377,333545472.0,2.3516780821917806,83595177088.0,1722003728.0,0.006878940298369364,495005968.0,2.504138821470267,compute,5.6114563218205755e-05,0.005607149080353581,0.001215676654797576
512,179,True,0.06400173000110954,3204546560.0,21.693125,831263920364.0,17085953728.0,0.06790498597512244,4884855488.0,25.002880617247737,compute,5.6114563218205755e-05,0.055759982521293945,0.012088888890610279
32,256,False,0.0005855819999851519,30507008.0,0.2092861500915192,4723926016.0,101781264.0,0.0005199573623186355,32313104.0,0.15974449646716105,compute,0.000224458252872823,0.00027548925773693446,2.0009851708877993e-05
512,29,True,0.010488705998795922,530677760.0,3.607105263157895,134674042964.0,2771602528.0,0.011048389819895426,794888288.0,4.041308191942476,compute,5.6114563218205755e-05,0.009033740185014103,0.001958535071663118
128,29,True,0.0007836209988454357,44990464.0,0.29234775233248517,8425656404.0,177359968.0,0.0007918877175793035,53676128.0,0.2599982615865746,compute,0.00016834368965461727,0.0005646087615633814,5.893526636130472e-05
400,4,True,0.0009809130006033229,57270272.0,0.3701031149301826,11338214800.0,237155664.0,0.001019689212721558,70735184.0,0.3439828449404658,compute,0.00013093398084248011,0.0007605182671920547,0.00012823696468702327
64,179,True,0.0011807930004579248,63389696.0,0.4454141025641026,13043773676.0,272578240.0,0.0011490919744831518,81033920.0,0.3916903326573646,compute,0.00013093398084248011,0.0008712497268952179,0.00014690826674545386
64,56,True,0.0005160410000826232,28278784.0,0.18621160042964555,4080733664.0,88135312.0,0.0004842162077987093,28210832.0,0.14656764717094117,launch,0.00024316310727889157,0.00024105310051981765,0.0
256,16,False,0.001694643000519136,83984384.0,0.5776291946308725,18579494464.0,385980432.0,0.0015896805473587803,113268752.0,0.5541240677842488,compute,9.352427203034293e-05,0.0012460331289674625,0.0002501231463609749
128,256,False,0.005992583000988816,297893888.0,2.0724131736526945,74378208256.0,1533087504.0,0.00612140437923337,441257744.0,2.2248547083238015,compute,5.6114563218205755e-05,0.00498413251586985,0.0010811573001453141
400,29,True,0.006628265000472311,330190848.0,2.28258,82202057300.0,1693370464.0,0.006765294542564183,486821984.0,2.462240538733905,compute,5.6114563218205755e-05,0.005513757437142397,0.0011954225422035798
